{
    "accuracy": 0.6585365853658537,
    "f1": 0.6568627450980392,
    "f1_macro": 0.6585284599276604,
    "f1_weighted": 0.6585365853658537,
    "precision": 0.6568627450980392,
    "recall": 0.6568627450980392,
    "balanced_accuracy": 0.6585284599276604,
    "roc_auc": 0.7151151722825053,
    "mcc": 0.31705691985532075,
    "cohen_kappa": 0.3170569198553208,
    "num_classes": 2,
    "num_samples": 205,
    "per_class_report": {
        "0": {
            "precision": 0.6601941747572816,
            "recall": 0.6601941747572816,
            "f1-score": 0.6601941747572816,
            "support": 103.0
        },
        "1": {
            "precision": 0.6568627450980392,
            "recall": 0.6568627450980392,
            "f1-score": 0.6568627450980392,
            "support": 102.0
        },
        "accuracy": 0.6585365853658537,
        "macro avg": {
            "precision": 0.6585284599276604,
            "recall": 0.6585284599276604,
            "f1-score": 0.6585284599276604,
            "support": 205.0
        },
        "weighted avg": {
            "precision": 0.6585365853658537,
            "recall": 0.6585365853658537,
            "f1-score": 0.6585365853658537,
            "support": 205.0
        }
    },
    "dataset": "06_friedman1",
    "method": "NCTD"
}