{
    "accuracy": 0.8878048780487805,
    "f1": 0.8899521531100478,
    "f1_macro": 0.8877621462067652,
    "f1_weighted": 0.8877514632462613,
    "precision": 0.8691588785046729,
    "recall": 0.9117647058823529,
    "balanced_accuracy": 0.8879211878926327,
    "roc_auc": 0.9427945935655816,
    "mcc": 0.7765819073379596,
    "cohen_kappa": 0.7756578008279011,
    "num_classes": 2,
    "num_samples": 205,
    "per_class_report": {
        "0": {
            "precision": 0.9081632653061225,
            "recall": 0.8640776699029126,
            "f1-score": 0.8855721393034826,
            "support": 103.0
        },
        "1": {
            "precision": 0.8691588785046729,
            "recall": 0.9117647058823529,
            "f1-score": 0.8899521531100478,
            "support": 102.0
        },
        "accuracy": 0.8878048780487805,
        "macro avg": {
            "precision": 0.8886610719053977,
            "recall": 0.8879211878926327,
            "f1-score": 0.8877621462067652,
            "support": 205.0
        },
        "weighted avg": {
            "precision": 0.8887562045561329,
            "recall": 0.8878048780487805,
            "f1-score": 0.8877514632462613,
            "support": 205.0
        }
    },
    "dataset": "07_friedman2",
    "method": "NCTD"
}