{
    "accuracy": 0.47804878048780486,
    "f1": 0.563265306122449,
    "f1_macro": 0.4573902288188002,
    "f1_weighted": 0.45687376502707505,
    "precision": 0.4825174825174825,
    "recall": 0.6764705882352942,
    "balanced_accuracy": 0.4790119931467733,
    "roc_auc": 0.5061869407957358,
    "mcc": -0.04569366861767785,
    "cohen_kappa": -0.04189426685033015,
    "num_classes": 2,
    "num_samples": 205,
    "per_class_report": {
        "0": {
            "precision": 0.46774193548387094,
            "recall": 0.2815533980582524,
            "f1-score": 0.3515151515151515,
            "support": 103.0
        },
        "1": {
            "precision": 0.4825174825174825,
            "recall": 0.6764705882352942,
            "f1-score": 0.563265306122449,
            "support": 102.0
        },
        "accuracy": 0.47804878048780486,
        "macro avg": {
            "precision": 0.47512970900067675,
            "recall": 0.4790119931467733,
            "f1-score": 0.4573902288188002,
            "support": 205.0
        },
        "weighted avg": {
            "precision": 0.4750936710810825,
            "recall": 0.47804878048780486,
            "f1-score": 0.45687376502707505,
            "support": 205.0
        }
    },
    "dataset": "08_friedman3",
    "method": "NCTD"
}