{
    "accuracy": 0.565,
    "f1": 0.4727272727272727,
    "f1_macro": 0.5512572533849129,
    "f1_weighted": 0.5512572533849129,
    "precision": 0.6,
    "recall": 0.39,
    "balanced_accuracy": 0.565,
    "roc_auc": 0.6006,
    "mcc": 0.1387777332977422,
    "cohen_kappa": 0.13,
    "num_classes": 2,
    "num_samples": 200,
    "per_class_report": {
        "0": {
            "precision": 0.5481481481481482,
            "recall": 0.74,
            "f1-score": 0.6297872340425532,
            "support": 100.0
        },
        "1": {
            "precision": 0.6,
            "recall": 0.39,
            "f1-score": 0.4727272727272727,
            "support": 100.0
        },
        "accuracy": 0.565,
        "macro avg": {
            "precision": 0.5740740740740741,
            "recall": 0.565,
            "f1-score": 0.5512572533849129,
            "support": 200.0
        },
        "weighted avg": {
            "precision": 0.5740740740740741,
            "recall": 0.565,
            "f1-score": 0.5512572533849129,
            "support": 200.0
        }
    },
    "dataset": "digen15_5311",
    "method": "NCTD"
}