{
    "accuracy": 0.495,
    "f1": 0.5738396624472574,
    "f1_macro": 0.4771038803033833,
    "f1_weighted": 0.4771038803033833,
    "precision": 0.49635036496350365,
    "recall": 0.68,
    "balanced_accuracy": 0.495,
    "roc_auc": 0.5231,
    "mcc": -0.01076389472867711,
    "cohen_kappa": -0.010000000000000009,
    "num_classes": 2,
    "num_samples": 200,
    "per_class_report": {
        "0": {
            "precision": 0.49206349206349204,
            "recall": 0.31,
            "f1-score": 0.3803680981595092,
            "support": 100.0
        },
        "1": {
            "precision": 0.49635036496350365,
            "recall": 0.68,
            "f1-score": 0.5738396624472574,
            "support": 100.0
        },
        "accuracy": 0.495,
        "macro avg": {
            "precision": 0.49420692851349785,
            "recall": 0.495,
            "f1-score": 0.4771038803033833,
            "support": 200.0
        },
        "weighted avg": {
            "precision": 0.49420692851349785,
            "recall": 0.495,
            "f1-score": 0.4771038803033833,
            "support": 200.0
        }
    },
    "dataset": "digen32_5191",
    "method": "NCTD"
}