{
    "accuracy": 0.525,
    "f1": 0.5497630331753555,
    "f1_macro": 0.5235587652649264,
    "f1_weighted": 0.5235587652649264,
    "precision": 0.5225225225225225,
    "recall": 0.58,
    "balanced_accuracy": 0.5249999999999999,
    "roc_auc": 0.5689,
    "mcc": 0.050305273164436726,
    "cohen_kappa": 0.050000000000000044,
    "num_classes": 2,
    "num_samples": 200,
    "per_class_report": {
        "0": {
            "precision": 0.5280898876404494,
            "recall": 0.47,
            "f1-score": 0.4973544973544973,
            "support": 100.0
        },
        "1": {
            "precision": 0.5225225225225225,
            "recall": 0.58,
            "f1-score": 0.5497630331753555,
            "support": 100.0
        },
        "accuracy": 0.525,
        "macro avg": {
            "precision": 0.525306205081486,
            "recall": 0.5249999999999999,
            "f1-score": 0.5235587652649264,
            "support": 200.0
        },
        "weighted avg": {
            "precision": 0.525306205081486,
            "recall": 0.525,
            "f1-score": 0.5235587652649264,
            "support": 200.0
        }
    },
    "dataset": "digen6_466",
    "method": "NCTD"
}