{
    "accuracy": 0.595,
    "f1": 0.6334841628959276,
    "f1_macro": 0.5904850982077403,
    "f1_weighted": 0.5904850982077403,
    "precision": 0.5785123966942148,
    "recall": 0.7,
    "balanced_accuracy": 0.595,
    "roc_auc": 0.6374000000000001,
    "mcc": 0.19433336470540413,
    "cohen_kappa": 0.18999999999999995,
    "num_classes": 2,
    "num_samples": 200,
    "per_class_report": {
        "0": {
            "precision": 0.620253164556962,
            "recall": 0.49,
            "f1-score": 0.547486033519553,
            "support": 100.0
        },
        "1": {
            "precision": 0.5785123966942148,
            "recall": 0.7,
            "f1-score": 0.6334841628959276,
            "support": 100.0
        },
        "accuracy": 0.595,
        "macro avg": {
            "precision": 0.5993827806255885,
            "recall": 0.595,
            "f1-score": 0.5904850982077403,
            "support": 200.0
        },
        "weighted avg": {
            "precision": 0.5993827806255884,
            "recall": 0.595,
            "f1-score": 0.5904850982077403,
            "support": 200.0
        }
    },
    "dataset": "digen13_769",
    "method": "NCTD"
}