{
    "accuracy": 0.565,
    "f1": 0.5583756345177665,
    "f1_macro": 0.5649021029731689,
    "f1_weighted": 0.5649021029731689,
    "precision": 0.5670103092783505,
    "recall": 0.55,
    "balanced_accuracy": 0.565,
    "roc_auc": 0.5922,
    "mcc": 0.13005853951713897,
    "cohen_kappa": 0.13,
    "num_classes": 2,
    "num_samples": 200,
    "per_class_report": {
        "0": {
            "precision": 0.5631067961165048,
            "recall": 0.58,
            "f1-score": 0.5714285714285714,
            "support": 100.0
        },
        "1": {
            "precision": 0.5670103092783505,
            "recall": 0.55,
            "f1-score": 0.5583756345177665,
            "support": 100.0
        },
        "accuracy": 0.565,
        "macro avg": {
            "precision": 0.5650585526974277,
            "recall": 0.565,
            "f1-score": 0.5649021029731689,
            "support": 200.0
        },
        "weighted avg": {
            "precision": 0.5650585526974277,
            "recall": 0.565,
            "f1-score": 0.5649021029731689,
            "support": 200.0
        }
    },
    "dataset": "digen24_2433",
    "method": "NCTD"
}