{
    "accuracy": 0.605,
    "f1": 0.6325581395348837,
    "f1_macro": 0.6027655562539284,
    "f1_weighted": 0.6027655562539284,
    "precision": 0.591304347826087,
    "recall": 0.68,
    "balanced_accuracy": 0.605,
    "roc_auc": 0.6661999999999999,
    "mcc": 0.21240312971815292,
    "cohen_kappa": 0.20999999999999996,
    "num_classes": 2,
    "num_samples": 200,
    "per_class_report": {
        "0": {
            "precision": 0.6235294117647059,
            "recall": 0.53,
            "f1-score": 0.572972972972973,
            "support": 100.0
        },
        "1": {
            "precision": 0.591304347826087,
            "recall": 0.68,
            "f1-score": 0.6325581395348837,
            "support": 100.0
        },
        "accuracy": 0.605,
        "macro avg": {
            "precision": 0.6074168797953965,
            "recall": 0.605,
            "f1-score": 0.6027655562539284,
            "support": 200.0
        },
        "weighted avg": {
            "precision": 0.6074168797953964,
            "recall": 0.605,
            "f1-score": 0.6027655562539284,
            "support": 200.0
        }
    },
    "dataset": "digen39_5578",
    "method": "NCTD"
}