{
    "accuracy": 0.585,
    "f1": 0.5699481865284974,
    "f1_macro": 0.5844910014768091,
    "f1_weighted": 0.5844910014768091,
    "precision": 0.5913978494623656,
    "recall": 0.55,
    "balanced_accuracy": 0.585,
    "roc_auc": 0.5798,
    "mcc": 0.17041803691451915,
    "cohen_kappa": 0.17000000000000004,
    "num_classes": 2,
    "num_samples": 200,
    "per_class_report": {
        "0": {
            "precision": 0.5794392523364486,
            "recall": 0.62,
            "f1-score": 0.5990338164251208,
            "support": 100.0
        },
        "1": {
            "precision": 0.5913978494623656,
            "recall": 0.55,
            "f1-score": 0.5699481865284974,
            "support": 100.0
        },
        "accuracy": 0.585,
        "macro avg": {
            "precision": 0.5854185508994071,
            "recall": 0.585,
            "f1-score": 0.5844910014768091,
            "support": 200.0
        },
        "weighted avg": {
            "precision": 0.5854185508994071,
            "recall": 0.585,
            "f1-score": 0.5844910014768091,
            "support": 200.0
        }
    },
    "dataset": "digen22_2433",
    "method": "NCTD"
}