{
    "accuracy": 0.57,
    "f1": 0.4691358024691358,
    "f1_macro": 0.5538956323270048,
    "f1_weighted": 0.5538956323270048,
    "precision": 0.6129032258064516,
    "recall": 0.38,
    "balanced_accuracy": 0.5700000000000001,
    "roc_auc": 0.6053,
    "mcc": 0.1513535625225437,
    "cohen_kappa": 0.14,
    "num_classes": 2,
    "num_samples": 200,
    "per_class_report": {
        "0": {
            "precision": 0.5507246376811594,
            "recall": 0.76,
            "f1-score": 0.6386554621848739,
            "support": 100.0
        },
        "1": {
            "precision": 0.6129032258064516,
            "recall": 0.38,
            "f1-score": 0.4691358024691358,
            "support": 100.0
        },
        "accuracy": 0.57,
        "macro avg": {
            "precision": 0.5818139317438056,
            "recall": 0.5700000000000001,
            "f1-score": 0.5538956323270048,
            "support": 200.0
        },
        "weighted avg": {
            "precision": 0.5818139317438056,
            "recall": 0.57,
            "f1-score": 0.5538956323270048,
            "support": 200.0
        }
    },
    "dataset": "digen11_7270",
    "method": "NCTD"
}