{
    "accuracy": 0.505,
    "f1": 0.547945205479452,
    "f1_macro": 0.5004919397563006,
    "f1_weighted": 0.5004919397563006,
    "precision": 0.5042016806722689,
    "recall": 0.6,
    "balanced_accuracy": 0.505,
    "roc_auc": 0.49629999999999996,
    "mcc": 0.010185538855869015,
    "cohen_kappa": 0.010000000000000009,
    "num_classes": 2,
    "num_samples": 200,
    "per_class_report": {
        "0": {
            "precision": 0.5061728395061729,
            "recall": 0.41,
            "f1-score": 0.4530386740331492,
            "support": 100.0
        },
        "1": {
            "precision": 0.5042016806722689,
            "recall": 0.6,
            "f1-score": 0.547945205479452,
            "support": 100.0
        },
        "accuracy": 0.505,
        "macro avg": {
            "precision": 0.5051872600892209,
            "recall": 0.505,
            "f1-score": 0.5004919397563006,
            "support": 200.0
        },
        "weighted avg": {
            "precision": 0.5051872600892209,
            "recall": 0.505,
            "f1-score": 0.5004919397563006,
            "support": 200.0
        }
    },
    "dataset": "digen23_5191",
    "method": "NCTD"
}