{
    "accuracy": 0.5,
    "f1": 0.15254237288135594,
    "f1_macro": 0.3989662219016709,
    "f1_weighted": 0.3989662219016709,
    "precision": 0.5,
    "recall": 0.09,
    "balanced_accuracy": 0.5,
    "roc_auc": 0.5511,
    "mcc": 0.0,
    "cohen_kappa": 0.0,
    "num_classes": 2,
    "num_samples": 200,
    "per_class_report": {
        "0": {
            "precision": 0.5,
            "recall": 0.91,
            "f1-score": 0.6453900709219859,
            "support": 100.0
        },
        "1": {
            "precision": 0.5,
            "recall": 0.09,
            "f1-score": 0.15254237288135594,
            "support": 100.0
        },
        "accuracy": 0.5,
        "macro avg": {
            "precision": 0.5,
            "recall": 0.5,
            "f1-score": 0.3989662219016709,
            "support": 200.0
        },
        "weighted avg": {
            "precision": 0.5,
            "recall": 0.5,
            "f1-score": 0.3989662219016709,
            "support": 200.0
        }
    },
    "dataset": "digen14_769",
    "method": "NCTD"
}