{
    "accuracy": 0.565,
    "f1": 0.423841059602649,
    "f1_macro": 0.5372217346206016,
    "f1_weighted": 0.5372217346206016,
    "precision": 0.6274509803921569,
    "recall": 0.32,
    "balanced_accuracy": 0.5650000000000001,
    "roc_auc": 0.629,
    "mcc": 0.14913003852536788,
    "cohen_kappa": 0.13,
    "num_classes": 2,
    "num_samples": 200,
    "per_class_report": {
        "0": {
            "precision": 0.5436241610738255,
            "recall": 0.81,
            "f1-score": 0.6506024096385542,
            "support": 100.0
        },
        "1": {
            "precision": 0.6274509803921569,
            "recall": 0.32,
            "f1-score": 0.423841059602649,
            "support": 100.0
        },
        "accuracy": 0.565,
        "macro avg": {
            "precision": 0.5855375707329912,
            "recall": 0.5650000000000001,
            "f1-score": 0.5372217346206016,
            "support": 200.0
        },
        "weighted avg": {
            "precision": 0.5855375707329912,
            "recall": 0.565,
            "f1-score": 0.5372217346206016,
            "support": 200.0
        }
    },
    "dataset": "digen10_8322",
    "method": "NCTD"
}