{
    "accuracy": 0.565,
    "f1": 0.5671641791044776,
    "f1_macro": 0.5649891247281182,
    "f1_weighted": 0.5649891247281182,
    "precision": 0.5643564356435643,
    "recall": 0.57,
    "balanced_accuracy": 0.565,
    "roc_auc": 0.6095,
    "mcc": 0.13000650048754062,
    "cohen_kappa": 0.13,
    "num_classes": 2,
    "num_samples": 200,
    "per_class_report": {
        "0": {
            "precision": 0.5656565656565656,
            "recall": 0.56,
            "f1-score": 0.5628140703517588,
            "support": 100.0
        },
        "1": {
            "precision": 0.5643564356435643,
            "recall": 0.57,
            "f1-score": 0.5671641791044776,
            "support": 100.0
        },
        "accuracy": 0.565,
        "macro avg": {
            "precision": 0.565006500650065,
            "recall": 0.565,
            "f1-score": 0.5649891247281182,
            "support": 200.0
        },
        "weighted avg": {
            "precision": 0.565006500650065,
            "recall": 0.565,
            "f1-score": 0.5649891247281182,
            "support": 200.0
        }
    },
    "dataset": "digen37_769",
    "method": "NCTD"
}