{
    "accuracy": 0.49,
    "f1": 0.6015625,
    "f1_macro": 0.44661458333333337,
    "f1_weighted": 0.44661458333333337,
    "precision": 0.4935897435897436,
    "recall": 0.77,
    "balanced_accuracy": 0.49,
    "roc_auc": 0.4801,
    "mcc": -0.02414022747926338,
    "cohen_kappa": -0.020000000000000018,
    "num_classes": 2,
    "num_samples": 200,
    "per_class_report": {
        "0": {
            "precision": 0.4772727272727273,
            "recall": 0.21,
            "f1-score": 0.2916666666666667,
            "support": 100.0
        },
        "1": {
            "precision": 0.4935897435897436,
            "recall": 0.77,
            "f1-score": 0.6015625,
            "support": 100.0
        },
        "accuracy": 0.49,
        "macro avg": {
            "precision": 0.48543123543123545,
            "recall": 0.49,
            "f1-score": 0.44661458333333337,
            "support": 200.0
        },
        "weighted avg": {
            "precision": 0.4854312354312354,
            "recall": 0.49,
            "f1-score": 0.44661458333333337,
            "support": 200.0
        }
    },
    "dataset": "digen12_8322",
    "method": "NCTD"
}