{
    "accuracy": 0.55,
    "f1": 0.4444444444444444,
    "f1_macro": 0.5331465919701214,
    "f1_weighted": 0.5331465919701214,
    "precision": 0.5806451612903226,
    "recall": 0.36,
    "balanced_accuracy": 0.55,
    "roc_auc": 0.6532,
    "mcc": 0.10810968751610266,
    "cohen_kappa": 0.09999999999999998,
    "num_classes": 2,
    "num_samples": 200,
    "per_class_report": {
        "0": {
            "precision": 0.5362318840579711,
            "recall": 0.74,
            "f1-score": 0.6218487394957983,
            "support": 100.0
        },
        "1": {
            "precision": 0.5806451612903226,
            "recall": 0.36,
            "f1-score": 0.4444444444444444,
            "support": 100.0
        },
        "accuracy": 0.55,
        "macro avg": {
            "precision": 0.5584385226741468,
            "recall": 0.55,
            "f1-score": 0.5331465919701214,
            "support": 200.0
        },
        "weighted avg": {
            "precision": 0.5584385226741468,
            "recall": 0.55,
            "f1-score": 0.5331465919701214,
            "support": 200.0
        }
    },
    "dataset": "digen3_769",
    "method": "NCTD"
}