{
    "accuracy": 0.44,
    "f1": 0.3253012048192771,
    "f1_macro": 0.4233343630933992,
    "f1_weighted": 0.4233343630933993,
    "precision": 0.4090909090909091,
    "recall": 0.27,
    "balanced_accuracy": 0.44,
    "roc_auc": 0.4596,
    "mcc": -0.127601823017734,
    "cohen_kappa": -0.1200000000000001,
    "num_classes": 2,
    "num_samples": 200,
    "per_class_report": {
        "0": {
            "precision": 0.4552238805970149,
            "recall": 0.61,
            "f1-score": 0.5213675213675214,
            "support": 100.0
        },
        "1": {
            "precision": 0.4090909090909091,
            "recall": 0.27,
            "f1-score": 0.3253012048192771,
            "support": 100.0
        },
        "accuracy": 0.44,
        "macro avg": {
            "precision": 0.432157394843962,
            "recall": 0.44,
            "f1-score": 0.4233343630933992,
            "support": 200.0
        },
        "weighted avg": {
            "precision": 0.43215739484396204,
            "recall": 0.44,
            "f1-score": 0.4233343630933993,
            "support": 200.0
        }
    },
    "dataset": "digen7_6949",
    "method": "NCTD"
}