{
    "accuracy": 0.52,
    "f1": 0.45454545454545453,
    "f1_macro": 0.512987012987013,
    "f1_weighted": 0.512987012987013,
    "precision": 0.5263157894736842,
    "recall": 0.4,
    "balanced_accuracy": 0.52,
    "roc_auc": 0.48410000000000003,
    "mcc": 0.041204282171516456,
    "cohen_kappa": 0.040000000000000036,
    "num_classes": 2,
    "num_samples": 200,
    "per_class_report": {
        "0": {
            "precision": 0.5161290322580645,
            "recall": 0.64,
            "f1-score": 0.5714285714285714,
            "support": 100.0
        },
        "1": {
            "precision": 0.5263157894736842,
            "recall": 0.4,
            "f1-score": 0.45454545454545453,
            "support": 100.0
        },
        "accuracy": 0.52,
        "macro avg": {
            "precision": 0.5212224108658743,
            "recall": 0.52,
            "f1-score": 0.512987012987013,
            "support": 200.0
        },
        "weighted avg": {
            "precision": 0.5212224108658744,
            "recall": 0.52,
            "f1-score": 0.512987012987013,
            "support": 200.0
        }
    },
    "dataset": "digen4_860",
    "method": "NCTD"
}