{
    "accuracy": 0.5,
    "f1": 0.0,
    "f1_macro": 0.3333333333333333,
    "f1_weighted": 0.33333333333333326,
    "precision": 0.0,
    "recall": 0.0,
    "balanced_accuracy": 0.5,
    "roc_auc": 0.46849999999999997,
    "mcc": 0.0,
    "cohen_kappa": 0.0,
    "num_classes": 2,
    "num_samples": 200,
    "per_class_report": {
        "0": {
            "precision": 0.5,
            "recall": 1.0,
            "f1-score": 0.6666666666666666,
            "support": 100.0
        },
        "1": {
            "precision": 0.0,
            "recall": 0.0,
            "f1-score": 0.0,
            "support": 100.0
        },
        "accuracy": 0.5,
        "macro avg": {
            "precision": 0.25,
            "recall": 0.5,
            "f1-score": 0.3333333333333333,
            "support": 200.0
        },
        "weighted avg": {
            "precision": 0.25,
            "recall": 0.5,
            "f1-score": 0.33333333333333326,
            "support": 200.0
        }
    },
    "dataset": "digen30_4426",
    "method": "NCTD"
}