{
    "accuracy": 0.545,
    "f1": 0.5284974093264249,
    "f1_macro": 0.5444419413781882,
    "f1_weighted": 0.5444419413781882,
    "precision": 0.5483870967741935,
    "recall": 0.51,
    "balanced_accuracy": 0.5449999999999999,
    "roc_auc": 0.5458000000000001,
    "mcc": 0.09022131366062779,
    "cohen_kappa": 0.08999999999999997,
    "num_classes": 2,
    "num_samples": 200,
    "per_class_report": {
        "0": {
            "precision": 0.5420560747663551,
            "recall": 0.58,
            "f1-score": 0.5603864734299517,
            "support": 100.0
        },
        "1": {
            "precision": 0.5483870967741935,
            "recall": 0.51,
            "f1-score": 0.5284974093264249,
            "support": 100.0
        },
        "accuracy": 0.545,
        "macro avg": {
            "precision": 0.5452215857702742,
            "recall": 0.5449999999999999,
            "f1-score": 0.5444419413781882,
            "support": 200.0
        },
        "weighted avg": {
            "precision": 0.5452215857702742,
            "recall": 0.545,
            "f1-score": 0.5444419413781882,
            "support": 200.0
        }
    },
    "dataset": "digen17_6949",
    "method": "NCTD"
}