{
    "accuracy": 0.49,
    "f1": 0.6277372262773723,
    "f1_macro": 0.40910670837678137,
    "f1_weighted": 0.4091067083767814,
    "precision": 0.4942528735632184,
    "recall": 0.86,
    "balanced_accuracy": 0.49,
    "roc_auc": 0.4906,
    "mcc": -0.02973505167250263,
    "cohen_kappa": -0.020000000000000018,
    "num_classes": 2,
    "num_samples": 200,
    "per_class_report": {
        "0": {
            "precision": 0.46153846153846156,
            "recall": 0.12,
            "f1-score": 0.19047619047619047,
            "support": 100.0
        },
        "1": {
            "precision": 0.4942528735632184,
            "recall": 0.86,
            "f1-score": 0.6277372262773723,
            "support": 100.0
        },
        "accuracy": 0.49,
        "macro avg": {
            "precision": 0.47789566755084,
            "recall": 0.49,
            "f1-score": 0.40910670837678137,
            "support": 200.0
        },
        "weighted avg": {
            "precision": 0.47789566755083995,
            "recall": 0.49,
            "f1-score": 0.4091067083767814,
            "support": 200.0
        }
    },
    "dataset": "digen27_860",
    "method": "NCTD"
}