{
    "accuracy": 0.565,
    "f1": 0.5756097560975609,
    "f1_macro": 0.5647279549718573,
    "f1_weighted": 0.5647279549718575,
    "precision": 0.5619047619047619,
    "recall": 0.59,
    "balanced_accuracy": 0.565,
    "roc_auc": 0.5995999999999999,
    "mcc": 0.1301628053236573,
    "cohen_kappa": 0.13,
    "num_classes": 2,
    "num_samples": 200,
    "per_class_report": {
        "0": {
            "precision": 0.5684210526315789,
            "recall": 0.54,
            "f1-score": 0.5538461538461539,
            "support": 100.0
        },
        "1": {
            "precision": 0.5619047619047619,
            "recall": 0.59,
            "f1-score": 0.5756097560975609,
            "support": 100.0
        },
        "accuracy": 0.565,
        "macro avg": {
            "precision": 0.5651629072681704,
            "recall": 0.565,
            "f1-score": 0.5647279549718573,
            "support": 200.0
        },
        "weighted avg": {
            "precision": 0.5651629072681704,
            "recall": 0.565,
            "f1-score": 0.5647279549718575,
            "support": 200.0
        }
    },
    "dataset": "digen20_5191",
    "method": "NCTD"
}