{
    "accuracy": 0.64,
    "f1": 0.6170212765957447,
    "f1_macro": 0.6386993175431553,
    "f1_weighted": 0.6386993175431553,
    "precision": 0.6590909090909091,
    "recall": 0.58,
    "balanced_accuracy": 0.6399999999999999,
    "roc_auc": 0.7002,
    "mcc": 0.2820380374088831,
    "cohen_kappa": 0.28,
    "num_classes": 2,
    "num_samples": 200,
    "per_class_report": {
        "0": {
            "precision": 0.625,
            "recall": 0.7,
            "f1-score": 0.660377358490566,
            "support": 100.0
        },
        "1": {
            "precision": 0.6590909090909091,
            "recall": 0.58,
            "f1-score": 0.6170212765957447,
            "support": 100.0
        },
        "accuracy": 0.64,
        "macro avg": {
            "precision": 0.6420454545454546,
            "recall": 0.6399999999999999,
            "f1-score": 0.6386993175431553,
            "support": 200.0
        },
        "weighted avg": {
            "precision": 0.6420454545454546,
            "recall": 0.64,
            "f1-score": 0.6386993175431553,
            "support": 200.0
        }
    },
    "dataset": "digen33_769",
    "method": "NCTD"
}