{
    "accuracy": 0.55,
    "f1": 0.3918918918918919,
    "f1_macro": 0.5173745173745175,
    "f1_weighted": 0.5173745173745173,
    "precision": 0.6041666666666666,
    "recall": 0.29,
    "balanced_accuracy": 0.55,
    "roc_auc": 0.5783,
    "mcc": 0.11707322644771176,
    "cohen_kappa": 0.09999999999999998,
    "num_classes": 2,
    "num_samples": 200,
    "per_class_report": {
        "0": {
            "precision": 0.5328947368421053,
            "recall": 0.81,
            "f1-score": 0.6428571428571429,
            "support": 100.0
        },
        "1": {
            "precision": 0.6041666666666666,
            "recall": 0.29,
            "f1-score": 0.3918918918918919,
            "support": 100.0
        },
        "accuracy": 0.55,
        "macro avg": {
            "precision": 0.5685307017543859,
            "recall": 0.55,
            "f1-score": 0.5173745173745175,
            "support": 200.0
        },
        "weighted avg": {
            "precision": 0.568530701754386,
            "recall": 0.55,
            "f1-score": 0.5173745173745173,
            "support": 200.0
        }
    },
    "dataset": "digen21_6265",
    "method": "NCTD"
}