{
    "accuracy": 0.5,
    "f1": 0.12280701754385964,
    "f1_macro": 0.386578333946755,
    "f1_weighted": 0.38657833394675495,
    "precision": 0.5,
    "recall": 0.07,
    "balanced_accuracy": 0.5,
    "roc_auc": 0.5531,
    "mcc": 0.0,
    "cohen_kappa": 0.0,
    "num_classes": 2,
    "num_samples": 200,
    "per_class_report": {
        "0": {
            "precision": 0.5,
            "recall": 0.93,
            "f1-score": 0.6503496503496503,
            "support": 100.0
        },
        "1": {
            "precision": 0.5,
            "recall": 0.07,
            "f1-score": 0.12280701754385964,
            "support": 100.0
        },
        "accuracy": 0.5,
        "macro avg": {
            "precision": 0.5,
            "recall": 0.5,
            "f1-score": 0.386578333946755,
            "support": 200.0
        },
        "weighted avg": {
            "precision": 0.5,
            "recall": 0.5,
            "f1-score": 0.38657833394675495,
            "support": 200.0
        }
    },
    "dataset": "digen34_769",
    "method": "NCTD"
}