{
    "accuracy": 0.51,
    "f1": 0.4842105263157895,
    "f1_macro": 0.5087719298245614,
    "f1_weighted": 0.5087719298245613,
    "precision": 0.5111111111111111,
    "recall": 0.46,
    "balanced_accuracy": 0.51,
    "roc_auc": 0.5242,
    "mcc": 0.02010075630518424,
    "cohen_kappa": 0.020000000000000018,
    "num_classes": 2,
    "num_samples": 200,
    "per_class_report": {
        "0": {
            "precision": 0.509090909090909,
            "recall": 0.56,
            "f1-score": 0.5333333333333333,
            "support": 100.0
        },
        "1": {
            "precision": 0.5111111111111111,
            "recall": 0.46,
            "f1-score": 0.4842105263157895,
            "support": 100.0
        },
        "accuracy": 0.51,
        "macro avg": {
            "precision": 0.51010101010101,
            "recall": 0.51,
            "f1-score": 0.5087719298245614,
            "support": 200.0
        },
        "weighted avg": {
            "precision": 0.51010101010101,
            "recall": 0.51,
            "f1-score": 0.5087719298245613,
            "support": 200.0
        }
    },
    "dataset": "digen8_4426",
    "method": "NCTD"
}