{
    "accuracy": 0.58,
    "f1": 0.5058823529411764,
    "f1_macro": 0.5703324808184143,
    "f1_weighted": 0.5703324808184144,
    "precision": 0.6142857142857143,
    "recall": 0.43,
    "balanced_accuracy": 0.58,
    "roc_auc": 0.6108,
    "mcc": 0.16772557387550693,
    "cohen_kappa": 0.16000000000000003,
    "num_classes": 2,
    "num_samples": 200,
    "per_class_report": {
        "0": {
            "precision": 0.5615384615384615,
            "recall": 0.73,
            "f1-score": 0.6347826086956522,
            "support": 100.0
        },
        "1": {
            "precision": 0.6142857142857143,
            "recall": 0.43,
            "f1-score": 0.5058823529411764,
            "support": 100.0
        },
        "accuracy": 0.58,
        "macro avg": {
            "precision": 0.5879120879120879,
            "recall": 0.58,
            "f1-score": 0.5703324808184143,
            "support": 200.0
        },
        "weighted avg": {
            "precision": 0.5879120879120879,
            "recall": 0.58,
            "f1-score": 0.5703324808184144,
            "support": 200.0
        }
    },
    "dataset": "digen16_5390",
    "method": "NCTD"
}