{
    "accuracy": 0.685,
    "f1": 0.6440677966101694,
    "f1_macro": 0.6807782929239188,
    "f1_weighted": 0.6807782929239187,
    "precision": 0.7402597402597403,
    "recall": 0.57,
    "balanced_accuracy": 0.685,
    "roc_auc": 0.7594,
    "mcc": 0.3801927279685514,
    "cohen_kappa": 0.37,
    "num_classes": 2,
    "num_samples": 200,
    "per_class_report": {
        "0": {
            "precision": 0.6504065040650406,
            "recall": 0.8,
            "f1-score": 0.7174887892376681,
            "support": 100.0
        },
        "1": {
            "precision": 0.7402597402597403,
            "recall": 0.57,
            "f1-score": 0.6440677966101694,
            "support": 100.0
        },
        "accuracy": 0.685,
        "macro avg": {
            "precision": 0.6953331221623904,
            "recall": 0.685,
            "f1-score": 0.6807782929239188,
            "support": 200.0
        },
        "weighted avg": {
            "precision": 0.6953331221623904,
            "recall": 0.685,
            "f1-score": 0.6807782929239187,
            "support": 200.0
        }
    },
    "dataset": "digen1_6265",
    "method": "NCTD"
}