{
    "accuracy": 0.515,
    "f1": 0.46408839779005523,
    "f1_macro": 0.5105830116804158,
    "f1_weighted": 0.5105830116804158,
    "precision": 0.5185185185185185,
    "recall": 0.42,
    "balanced_accuracy": 0.515,
    "roc_auc": 0.5252,
    "mcc": 0.030556616567607046,
    "cohen_kappa": 0.030000000000000027,
    "num_classes": 2,
    "num_samples": 200,
    "per_class_report": {
        "0": {
            "precision": 0.5126050420168067,
            "recall": 0.61,
            "f1-score": 0.5570776255707762,
            "support": 100.0
        },
        "1": {
            "precision": 0.5185185185185185,
            "recall": 0.42,
            "f1-score": 0.46408839779005523,
            "support": 100.0
        },
        "accuracy": 0.515,
        "macro avg": {
            "precision": 0.5155617802676626,
            "recall": 0.515,
            "f1-score": 0.5105830116804158,
            "support": 200.0
        },
        "weighted avg": {
            "precision": 0.5155617802676626,
            "recall": 0.515,
            "f1-score": 0.5105830116804158,
            "support": 200.0
        }
    },
    "dataset": "digen28_769",
    "method": "NCTD"
}