{
    "accuracy": 0.51,
    "f1": 0.6597222222222222,
    "f1_macro": 0.3923611111111111,
    "f1_weighted": 0.39236111111111105,
    "precision": 0.5053191489361702,
    "recall": 0.95,
    "balanced_accuracy": 0.51,
    "roc_auc": 0.5446,
    "mcc": 0.04210759605332595,
    "cohen_kappa": 0.020000000000000018,
    "num_classes": 2,
    "num_samples": 200,
    "per_class_report": {
        "0": {
            "precision": 0.5833333333333334,
            "recall": 0.07,
            "f1-score": 0.125,
            "support": 100.0
        },
        "1": {
            "precision": 0.5053191489361702,
            "recall": 0.95,
            "f1-score": 0.6597222222222222,
            "support": 100.0
        },
        "accuracy": 0.51,
        "macro avg": {
            "precision": 0.5443262411347518,
            "recall": 0.51,
            "f1-score": 0.3923611111111111,
            "support": 200.0
        },
        "weighted avg": {
            "precision": 0.5443262411347518,
            "recall": 0.51,
            "f1-score": 0.39236111111111105,
            "support": 200.0
        }
    },
    "dataset": "digen38_4426",
    "method": "NCTD"
}