{
    "accuracy": 0.565,
    "f1": 0.5347593582887701,
    "f1_macro": 0.563154327031709,
    "f1_weighted": 0.563154327031709,
    "precision": 0.5747126436781609,
    "recall": 0.5,
    "balanced_accuracy": 0.565,
    "roc_auc": 0.5558000000000001,
    "mcc": 0.13111262252108152,
    "cohen_kappa": 0.13,
    "num_classes": 2,
    "num_samples": 200,
    "per_class_report": {
        "0": {
            "precision": 0.5575221238938053,
            "recall": 0.63,
            "f1-score": 0.5915492957746479,
            "support": 100.0
        },
        "1": {
            "precision": 0.5747126436781609,
            "recall": 0.5,
            "f1-score": 0.5347593582887701,
            "support": 100.0
        },
        "accuracy": 0.565,
        "macro avg": {
            "precision": 0.5661173837859831,
            "recall": 0.565,
            "f1-score": 0.563154327031709,
            "support": 200.0
        },
        "weighted avg": {
            "precision": 0.5661173837859831,
            "recall": 0.565,
            "f1-score": 0.563154327031709,
            "support": 200.0
        }
    },
    "dataset": "digen18_5578",
    "method": "NCTD"
}