{
    "accuracy": 0.47,
    "f1": 0.5350877192982456,
    "f1_macro": 0.4594043247654019,
    "f1_weighted": 0.4594043247654019,
    "precision": 0.4765625,
    "recall": 0.61,
    "balanced_accuracy": 0.47,
    "roc_auc": 0.4898,
    "mcc": -0.0625,
    "cohen_kappa": -0.06000000000000005,
    "num_classes": 2,
    "num_samples": 200,
    "per_class_report": {
        "0": {
            "precision": 0.4583333333333333,
            "recall": 0.33,
            "f1-score": 0.38372093023255816,
            "support": 100.0
        },
        "1": {
            "precision": 0.4765625,
            "recall": 0.61,
            "f1-score": 0.5350877192982456,
            "support": 100.0
        },
        "accuracy": 0.47,
        "macro avg": {
            "precision": 0.46744791666666663,
            "recall": 0.47,
            "f1-score": 0.4594043247654019,
            "support": 200.0
        },
        "weighted avg": {
            "precision": 0.46744791666666663,
            "recall": 0.47,
            "f1-score": 0.4594043247654019,
            "support": 200.0
        }
    },
    "dataset": "digen29_8322",
    "method": "NCTD"
}