{
    "accuracy": 0.7774011299435029,
    "f1": 0.7001046737293013,
    "f1_macro": 0.7001046737293013,
    "f1_weighted": 0.7644833968936775,
    "precision": 0.7258217462464572,
    "recall": 0.690016189226769,
    "balanced_accuracy": 0.690016189226769,
    "roc_auc": 0.8789737079885995,
    "mcc": 0.6306178467322499,
    "cohen_kappa": 0.6245509987854356,
    "num_classes": 3,
    "num_samples": 885,
    "per_class_report": {
        "0": {
            "precision": 0.8120300751879699,
            "recall": 0.7605633802816901,
            "f1-score": 0.7854545454545454,
            "support": 284.0
        },
        "1": {
            "precision": 0.5607476635514018,
            "recall": 0.37735849056603776,
            "f1-score": 0.45112781954887216,
            "support": 159.0
        },
        "2": {
            "precision": 0.8046875,
            "recall": 0.9321266968325792,
            "f1-score": 0.8637316561844863,
            "support": 442.0
        },
        "accuracy": 0.7774011299435029,
        "macro avg": {
            "precision": 0.7258217462464572,
            "recall": 0.690016189226769,
            "f1-score": 0.7001046737293013,
            "support": 885.0
        },
        "weighted avg": {
            "precision": 0.7632172823254874,
            "recall": 0.7774011299435029,
            "f1-score": 0.7644833968936775,
            "support": 885.0
        }
    },
    "dataset": "DS02_student_dropout",
    "method": "NCTD"
}