{
    "accuracy": 0.9851351351351352,
    "f1": 0.9853137516688919,
    "f1_macro": 0.9851329360259644,
    "f1_weighted": 0.9851346464442083,
    "precision": 0.9826897470039947,
    "recall": 0.9879518072289156,
    "balanced_accuracy": 0.985108236493039,
    "roc_auc": 0.9979545284366205,
    "mcc": 0.9702802683914689,
    "cohen_kappa": 0.9702660892784413,
    "num_classes": 2,
    "num_samples": 1480,
    "per_class_report": {
        "0": {
            "precision": 0.9876543209876543,
            "recall": 0.9822646657571623,
            "f1-score": 0.9849521203830369,
            "support": 733.0
        },
        "1": {
            "precision": 0.9826897470039947,
            "recall": 0.9879518072289156,
            "f1-score": 0.9853137516688919,
            "support": 747.0
        },
        "accuracy": 0.9851351351351352,
        "macro avg": {
            "precision": 0.9851720339958245,
            "recall": 0.985108236493039,
            "f1-score": 0.9851329360259644,
            "support": 1480.0
        },
        "weighted avg": {
            "precision": 0.9851485529026586,
            "recall": 0.9851351351351352,
            "f1-score": 0.9851346464442083,
            "support": 1480.0
        }
    },
    "dataset": "DS07_ringnorm",
    "method": "NCTD"
}