{
    "accuracy": 0.6390243902439025,
    "f1": 0.6407766990291263,
    "f1_macro": 0.6390158004949553,
    "f1_weighted": 0.6390072107460081,
    "precision": 0.6346153846153846,
    "recall": 0.6470588235294118,
    "balanced_accuracy": 0.6390633923472302,
    "roc_auc": 0.7241576242147345,
    "mcc": 0.2781532616124787,
    "cohen_kappa": 0.27810031407633007,
    "num_classes": 2,
    "num_samples": 205,
    "per_class_report": {
        "0": {
            "precision": 0.6435643564356436,
            "recall": 0.6310679611650486,
            "f1-score": 0.6372549019607843,
            "support": 103.0
        },
        "1": {
            "precision": 0.6346153846153846,
            "recall": 0.6470588235294118,
            "f1-score": 0.6407766990291263,
            "support": 102.0
        },
        "accuracy": 0.6390243902439025,
        "macro avg": {
            "precision": 0.6390898705255141,
            "recall": 0.6390633923472302,
            "f1-score": 0.6390158004949553,
            "support": 205.0
        },
        "weighted avg": {
            "precision": 0.6391116972860513,
            "recall": 0.6390243902439025,
            "f1-score": 0.6390072107460081,
            "support": 205.0
        }
    }
}