{
    "accuracy": 0.8731707317073171,
    "f1": 0.87,
    "f1_macro": 0.8730952380952381,
    "f1_weighted": 0.8731103368176538,
    "precision": 0.8877551020408163,
    "recall": 0.8529411764705882,
    "balanced_accuracy": 0.873072529982867,
    "roc_auc": 0.9348943460879497,
    "mcc": 0.7468562840905736,
    "cohen_kappa": 0.7462871287128713,
    "num_classes": 2,
    "num_samples": 205,
    "per_class_report": {
        "0": {
            "precision": 0.8598130841121495,
            "recall": 0.8932038834951457,
            "f1-score": 0.8761904761904762,
            "support": 103.0
        },
        "1": {
            "precision": 0.8877551020408163,
            "recall": 0.8529411764705882,
            "f1-score": 0.87,
            "support": 102.0
        },
        "accuracy": 0.8731707317073171,
        "macro avg": {
            "precision": 0.8737840930764829,
            "recall": 0.873072529982867,
            "f1-score": 0.8730952380952381,
            "support": 205.0
        },
        "weighted avg": {
            "precision": 0.8737159418132423,
            "recall": 0.8731707317073171,
            "f1-score": 0.8731103368176538,
            "support": 205.0
        }
    }
}