{
    "accuracy": 0.5658536585365853,
    "f1": 0.5527638190954773,
    "f1_macro": 0.5654814356140894,
    "f1_weighted": 0.5655434727678387,
    "precision": 0.5670103092783505,
    "recall": 0.5392156862745098,
    "balanced_accuracy": 0.5657243479916239,
    "roc_auc": 0.6055587283457071,
    "mcc": 0.13163677548419508,
    "cohen_kappa": 0.13147998286285523,
    "num_classes": 2,
    "num_samples": 205,
    "per_class_report": {
        "0": {
            "precision": 0.5648148148148148,
            "recall": 0.5922330097087378,
            "f1-score": 0.5781990521327014,
            "support": 103.0
        },
        "1": {
            "precision": 0.5670103092783505,
            "recall": 0.5392156862745098,
            "f1-score": 0.5527638190954773,
            "support": 102.0
        },
        "accuracy": 0.5658536585365853,
        "macro avg": {
            "precision": 0.5659125620465826,
            "recall": 0.5657243479916239,
            "f1-score": 0.5654814356140894,
            "support": 205.0
        },
        "weighted avg": {
            "precision": 0.5659072071820375,
            "recall": 0.5658536585365853,
            "f1-score": 0.5655434727678387,
            "support": 205.0
        }
    }
}