{
    "accuracy": 0.645,
    "f1": 0.6757990867579908,
    "f1_macro": 0.6417669466939125,
    "f1_weighted": 0.6417669466939125,
    "precision": 0.6218487394957983,
    "recall": 0.74,
    "balanced_accuracy": 0.645,
    "roc_auc": 0.7116,
    "mcc": 0.29538062682020144,
    "cohen_kappa": 0.29000000000000004,
    "num_classes": 2,
    "num_samples": 200,
    "per_class_report": {
        "0": {
            "precision": 0.6790123456790124,
            "recall": 0.55,
            "f1-score": 0.6077348066298343,
            "support": 100.0
        },
        "1": {
            "precision": 0.6218487394957983,
            "recall": 0.74,
            "f1-score": 0.6757990867579908,
            "support": 100.0
        },
        "accuracy": 0.645,
        "macro avg": {
            "precision": 0.6504305425874053,
            "recall": 0.645,
            "f1-score": 0.6417669466939125,
            "support": 200.0
        },
        "weighted avg": {
            "precision": 0.6504305425874054,
            "recall": 0.645,
            "f1-score": 0.6417669466939125,
            "support": 200.0
        }
    }
}