{
    "accuracy": 0.495,
    "f1": 0.6245353159851301,
    "f1_macro": 0.42677147478645816,
    "f1_weighted": 0.4267714747864582,
    "precision": 0.4970414201183432,
    "recall": 0.84,
    "balanced_accuracy": 0.495,
    "roc_auc": 0.5537,
    "mcc": -0.01381579246359807,
    "cohen_kappa": -0.010000000000000009,
    "num_classes": 2,
    "num_samples": 200,
    "per_class_report": {
        "0": {
            "precision": 0.4838709677419355,
            "recall": 0.15,
            "f1-score": 0.22900763358778625,
            "support": 100.0
        },
        "1": {
            "precision": 0.4970414201183432,
            "recall": 0.84,
            "f1-score": 0.6245353159851301,
            "support": 100.0
        },
        "accuracy": 0.495,
        "macro avg": {
            "precision": 0.49045619393013934,
            "recall": 0.495,
            "f1-score": 0.42677147478645816,
            "support": 200.0
        },
        "weighted avg": {
            "precision": 0.49045619393013934,
            "recall": 0.495,
            "f1-score": 0.4267714747864582,
            "support": 200.0
        }
    }
}