{
    "accuracy": 0.515,
    "f1": 0.6008230452674898,
    "f1_macro": 0.4914943251815156,
    "f1_weighted": 0.4914943251815156,
    "precision": 0.5104895104895105,
    "recall": 0.73,
    "balanced_accuracy": 0.515,
    "roc_auc": 0.5615,
    "mcc": 0.033228888017745054,
    "cohen_kappa": 0.030000000000000027,
    "num_classes": 2,
    "num_samples": 200,
    "per_class_report": {
        "0": {
            "precision": 0.5263157894736842,
            "recall": 0.3,
            "f1-score": 0.3821656050955414,
            "support": 100.0
        },
        "1": {
            "precision": 0.5104895104895105,
            "recall": 0.73,
            "f1-score": 0.6008230452674898,
            "support": 100.0
        },
        "accuracy": 0.515,
        "macro avg": {
            "precision": 0.5184026499815974,
            "recall": 0.515,
            "f1-score": 0.4914943251815156,
            "support": 200.0
        },
        "weighted avg": {
            "precision": 0.5184026499815974,
            "recall": 0.515,
            "f1-score": 0.4914943251815156,
            "support": 200.0
        }
    }
}