{
    "accuracy": 0.505,
    "f1": 0.49230769230769234,
    "f1_macro": 0.5046904315196998,
    "f1_weighted": 0.5046904315196998,
    "precision": 0.5052631578947369,
    "recall": 0.48,
    "balanced_accuracy": 0.505,
    "roc_auc": 0.5002,
    "mcc": 0.010012523486435177,
    "cohen_kappa": 0.010000000000000009,
    "num_classes": 2,
    "num_samples": 200,
    "per_class_report": {
        "0": {
            "precision": 0.5047619047619047,
            "recall": 0.53,
            "f1-score": 0.5170731707317073,
            "support": 100.0
        },
        "1": {
            "precision": 0.5052631578947369,
            "recall": 0.48,
            "f1-score": 0.49230769230769234,
            "support": 100.0
        },
        "accuracy": 0.505,
        "macro avg": {
            "precision": 0.5050125313283208,
            "recall": 0.505,
            "f1-score": 0.5046904315196998,
            "support": 200.0
        },
        "weighted avg": {
            "precision": 0.5050125313283208,
            "recall": 0.505,
            "f1-score": 0.5046904315196998,
            "support": 200.0
        }
    }
}