{
    "accuracy": 0.495,
    "f1": 0.35668789808917195,
    "f1_macro": 0.4705250190034337,
    "f1_weighted": 0.47052501900343374,
    "precision": 0.49122807017543857,
    "recall": 0.28,
    "balanced_accuracy": 0.495,
    "roc_auc": 0.5088,
    "mcc": -0.011076296005915018,
    "cohen_kappa": -0.010000000000000009,
    "num_classes": 2,
    "num_samples": 200,
    "per_class_report": {
        "0": {
            "precision": 0.4965034965034965,
            "recall": 0.71,
            "f1-score": 0.5843621399176955,
            "support": 100.0
        },
        "1": {
            "precision": 0.49122807017543857,
            "recall": 0.28,
            "f1-score": 0.35668789808917195,
            "support": 100.0
        },
        "accuracy": 0.495,
        "macro avg": {
            "precision": 0.4938657833394675,
            "recall": 0.495,
            "f1-score": 0.4705250190034337,
            "support": 200.0
        },
        "weighted avg": {
            "precision": 0.49386578333946757,
            "recall": 0.495,
            "f1-score": 0.47052501900343374,
            "support": 200.0
        }
    }
}