{
    "accuracy": 0.6,
    "f1": 0.5918367346938775,
    "f1_macro": 0.5998399359743898,
    "f1_weighted": 0.5998399359743898,
    "precision": 0.6041666666666666,
    "recall": 0.58,
    "balanced_accuracy": 0.6,
    "roc_auc": 0.5856999999999999,
    "mcc": 0.2001601922563589,
    "cohen_kappa": 0.19999999999999996,
    "num_classes": 2,
    "num_samples": 200,
    "per_class_report": {
        "0": {
            "precision": 0.5961538461538461,
            "recall": 0.62,
            "f1-score": 0.6078431372549019,
            "support": 100.0
        },
        "1": {
            "precision": 0.6041666666666666,
            "recall": 0.58,
            "f1-score": 0.5918367346938775,
            "support": 100.0
        },
        "accuracy": 0.6,
        "macro avg": {
            "precision": 0.6001602564102564,
            "recall": 0.6,
            "f1-score": 0.5998399359743898,
            "support": 200.0
        },
        "weighted avg": {
            "precision": 0.6001602564102564,
            "recall": 0.6,
            "f1-score": 0.5998399359743898,
            "support": 200.0
        }
    }
}