{
    "accuracy": 0.585,
    "f1": 0.5146198830409356,
    "f1_macro": 0.576087234096887,
    "f1_weighted": 0.5760872340968871,
    "precision": 0.6197183098591549,
    "recall": 0.44,
    "balanced_accuracy": 0.585,
    "roc_auc": 0.5641999999999999,
    "mcc": 0.17763350771645883,
    "cohen_kappa": 0.17000000000000004,
    "num_classes": 2,
    "num_samples": 200,
    "per_class_report": {
        "0": {
            "precision": 0.5658914728682171,
            "recall": 0.73,
            "f1-score": 0.6375545851528385,
            "support": 100.0
        },
        "1": {
            "precision": 0.6197183098591549,
            "recall": 0.44,
            "f1-score": 0.5146198830409356,
            "support": 100.0
        },
        "accuracy": 0.585,
        "macro avg": {
            "precision": 0.592804891363686,
            "recall": 0.585,
            "f1-score": 0.576087234096887,
            "support": 200.0
        },
        "weighted avg": {
            "precision": 0.592804891363686,
            "recall": 0.585,
            "f1-score": 0.5760872340968871,
            "support": 200.0
        }
    }
}