{
    "accuracy": 0.545,
    "f1": 0.48,
    "f1_macro": 0.5377777777777777,
    "f1_weighted": 0.5377777777777777,
    "precision": 0.56,
    "recall": 0.42,
    "balanced_accuracy": 0.545,
    "roc_auc": 0.5371,
    "mcc": 0.092951600308978,
    "cohen_kappa": 0.08999999999999997,
    "num_classes": 2,
    "num_samples": 200,
    "per_class_report": {
        "0": {
            "precision": 0.536,
            "recall": 0.67,
            "f1-score": 0.5955555555555555,
            "support": 100.0
        },
        "1": {
            "precision": 0.56,
            "recall": 0.42,
            "f1-score": 0.48,
            "support": 100.0
        },
        "accuracy": 0.545,
        "macro avg": {
            "precision": 0.548,
            "recall": 0.545,
            "f1-score": 0.5377777777777777,
            "support": 200.0
        },
        "weighted avg": {
            "precision": 0.548,
            "recall": 0.545,
            "f1-score": 0.5377777777777777,
            "support": 200.0
        }
    }
}