{
    "accuracy": 0.615,
    "f1": 0.6130653266331658,
    "f1_macro": 0.614990374759369,
    "f1_weighted": 0.6149903747593689,
    "precision": 0.6161616161616161,
    "recall": 0.61,
    "balanced_accuracy": 0.615,
    "roc_auc": 0.6922999999999999,
    "mcc": 0.23001150086257188,
    "cohen_kappa": 0.22999999999999998,
    "num_classes": 2,
    "num_samples": 200,
    "per_class_report": {
        "0": {
            "precision": 0.6138613861386139,
            "recall": 0.62,
            "f1-score": 0.6169154228855721,
            "support": 100.0
        },
        "1": {
            "precision": 0.6161616161616161,
            "recall": 0.61,
            "f1-score": 0.6130653266331658,
            "support": 100.0
        },
        "accuracy": 0.615,
        "macro avg": {
            "precision": 0.6150115011501149,
            "recall": 0.615,
            "f1-score": 0.614990374759369,
            "support": 200.0
        },
        "weighted avg": {
            "precision": 0.6150115011501149,
            "recall": 0.615,
            "f1-score": 0.6149903747593689,
            "support": 200.0
        }
    }
}