{
    "accuracy": 0.56,
    "f1": 0.5849056603773585,
    "f1_macro": 0.5584102769971899,
    "f1_weighted": 0.5584102769971898,
    "precision": 0.5535714285714286,
    "recall": 0.62,
    "balanced_accuracy": 0.56,
    "roc_auc": 0.5975999999999999,
    "mcc": 0.12087344460380704,
    "cohen_kappa": 0.12,
    "num_classes": 2,
    "num_samples": 200,
    "per_class_report": {
        "0": {
            "precision": 0.5681818181818182,
            "recall": 0.5,
            "f1-score": 0.5319148936170213,
            "support": 100.0
        },
        "1": {
            "precision": 0.5535714285714286,
            "recall": 0.62,
            "f1-score": 0.5849056603773585,
            "support": 100.0
        },
        "accuracy": 0.56,
        "macro avg": {
            "precision": 0.5608766233766234,
            "recall": 0.56,
            "f1-score": 0.5584102769971899,
            "support": 200.0
        },
        "weighted avg": {
            "precision": 0.5608766233766234,
            "recall": 0.56,
            "f1-score": 0.5584102769971898,
            "support": 200.0
        }
    }
}