{
    "accuracy": 0.46,
    "f1": 0.4857142857142857,
    "f1_macro": 0.4586466165413534,
    "f1_weighted": 0.4586466165413534,
    "precision": 0.4636363636363636,
    "recall": 0.51,
    "balanced_accuracy": 0.45999999999999996,
    "roc_auc": 0.44849999999999995,
    "mcc": -0.08040302522073696,
    "cohen_kappa": -0.08000000000000007,
    "num_classes": 2,
    "num_samples": 200,
    "per_class_report": {
        "0": {
            "precision": 0.45555555555555555,
            "recall": 0.41,
            "f1-score": 0.43157894736842106,
            "support": 100.0
        },
        "1": {
            "precision": 0.4636363636363636,
            "recall": 0.51,
            "f1-score": 0.4857142857142857,
            "support": 100.0
        },
        "accuracy": 0.46,
        "macro avg": {
            "precision": 0.45959595959595956,
            "recall": 0.45999999999999996,
            "f1-score": 0.4586466165413534,
            "support": 200.0
        },
        "weighted avg": {
            "precision": 0.45959595959595956,
            "recall": 0.46,
            "f1-score": 0.4586466165413534,
            "support": 200.0
        }
    }
}