{
    "accuracy": 0.56,
    "f1": 0.4942528735632184,
    "f1_macro": 0.5524361712948835,
    "f1_weighted": 0.5524361712948835,
    "precision": 0.581081081081081,
    "recall": 0.43,
    "balanced_accuracy": 0.5599999999999999,
    "roc_auc": 0.5526000000000001,
    "mcc": 0.12427395320024001,
    "cohen_kappa": 0.12,
    "num_classes": 2,
    "num_samples": 200,
    "per_class_report": {
        "0": {
            "precision": 0.5476190476190477,
            "recall": 0.69,
            "f1-score": 0.6106194690265486,
            "support": 100.0
        },
        "1": {
            "precision": 0.581081081081081,
            "recall": 0.43,
            "f1-score": 0.4942528735632184,
            "support": 100.0
        },
        "accuracy": 0.56,
        "macro avg": {
            "precision": 0.5643500643500643,
            "recall": 0.5599999999999999,
            "f1-score": 0.5524361712948835,
            "support": 200.0
        },
        "weighted avg": {
            "precision": 0.5643500643500644,
            "recall": 0.56,
            "f1-score": 0.5524361712948835,
            "support": 200.0
        }
    }
}