{
    "accuracy": 0.515,
    "f1": 0.5764192139737991,
    "f1_macro": 0.5045838759927475,
    "f1_weighted": 0.5045838759927476,
    "precision": 0.5116279069767442,
    "recall": 0.66,
    "balanced_accuracy": 0.515,
    "roc_auc": 0.5647,
    "mcc": 0.03134708959702215,
    "cohen_kappa": 0.030000000000000027,
    "num_classes": 2,
    "num_samples": 200,
    "per_class_report": {
        "0": {
            "precision": 0.5211267605633803,
            "recall": 0.37,
            "f1-score": 0.4327485380116959,
            "support": 100.0
        },
        "1": {
            "precision": 0.5116279069767442,
            "recall": 0.66,
            "f1-score": 0.5764192139737991,
            "support": 100.0
        },
        "accuracy": 0.515,
        "macro avg": {
            "precision": 0.5163773337700622,
            "recall": 0.515,
            "f1-score": 0.5045838759927475,
            "support": 200.0
        },
        "weighted avg": {
            "precision": 0.5163773337700622,
            "recall": 0.515,
            "f1-score": 0.5045838759927476,
            "support": 200.0
        }
    }
}