{
    "accuracy": 0.575,
    "f1": 0.519774011299435,
    "f1_macro": 0.569304046008462,
    "f1_weighted": 0.5693040460084619,
    "precision": 0.5974025974025974,
    "recall": 0.46,
    "balanced_accuracy": 0.575,
    "roc_auc": 0.6144999999999999,
    "mcc": 0.1541321870142776,
    "cohen_kappa": 0.15000000000000002,
    "num_classes": 2,
    "num_samples": 200,
    "per_class_report": {
        "0": {
            "precision": 0.5609756097560976,
            "recall": 0.69,
            "f1-score": 0.6188340807174888,
            "support": 100.0
        },
        "1": {
            "precision": 0.5974025974025974,
            "recall": 0.46,
            "f1-score": 0.519774011299435,
            "support": 100.0
        },
        "accuracy": 0.575,
        "macro avg": {
            "precision": 0.5791891035793475,
            "recall": 0.575,
            "f1-score": 0.569304046008462,
            "support": 200.0
        },
        "weighted avg": {
            "precision": 0.5791891035793475,
            "recall": 0.575,
            "f1-score": 0.5693040460084619,
            "support": 200.0
        }
    }
}