{
    "accuracy": 0.535,
    "f1": 0.5674418604651162,
    "f1_macro": 0.5323695788812068,
    "f1_weighted": 0.5323695788812067,
    "precision": 0.5304347826086957,
    "recall": 0.61,
    "balanced_accuracy": 0.535,
    "roc_auc": 0.5861000000000001,
    "mcc": 0.07080104323938431,
    "cohen_kappa": 0.06999999999999995,
    "num_classes": 2,
    "num_samples": 200,
    "per_class_report": {
        "0": {
            "precision": 0.5411764705882353,
            "recall": 0.46,
            "f1-score": 0.4972972972972973,
            "support": 100.0
        },
        "1": {
            "precision": 0.5304347826086957,
            "recall": 0.61,
            "f1-score": 0.5674418604651162,
            "support": 100.0
        },
        "accuracy": 0.535,
        "macro avg": {
            "precision": 0.5358056265984654,
            "recall": 0.535,
            "f1-score": 0.5323695788812068,
            "support": 200.0
        },
        "weighted avg": {
            "precision": 0.5358056265984655,
            "recall": 0.535,
            "f1-score": 0.5323695788812067,
            "support": 200.0
        }
    }
}