{
    "accuracy": 0.545,
    "f1": 0.5806451612903226,
    "f1_macro": 0.5416887008637405,
    "f1_weighted": 0.5416887008637405,
    "precision": 0.5384615384615384,
    "recall": 0.63,
    "balanced_accuracy": 0.545,
    "roc_auc": 0.5901,
    "mcc": 0.09132938483219746,
    "cohen_kappa": 0.08999999999999997,
    "num_classes": 2,
    "num_samples": 200,
    "per_class_report": {
        "0": {
            "precision": 0.5542168674698795,
            "recall": 0.46,
            "f1-score": 0.5027322404371585,
            "support": 100.0
        },
        "1": {
            "precision": 0.5384615384615384,
            "recall": 0.63,
            "f1-score": 0.5806451612903226,
            "support": 100.0
        },
        "accuracy": 0.545,
        "macro avg": {
            "precision": 0.546339202965709,
            "recall": 0.545,
            "f1-score": 0.5416887008637405,
            "support": 200.0
        },
        "weighted avg": {
            "precision": 0.546339202965709,
            "recall": 0.545,
            "f1-score": 0.5416887008637405,
            "support": 200.0
        }
    }
}