{
    "accuracy": 0.48,
    "f1": 0.35,
    "f1_macro": 0.4583333333333333,
    "f1_weighted": 0.45833333333333326,
    "precision": 0.4666666666666667,
    "recall": 0.28,
    "balanced_accuracy": 0.48000000000000004,
    "roc_auc": 0.465,
    "mcc": -0.04364357804719848,
    "cohen_kappa": -0.040000000000000036,
    "num_classes": 2,
    "num_samples": 200,
    "per_class_report": {
        "0": {
            "precision": 0.4857142857142857,
            "recall": 0.68,
            "f1-score": 0.5666666666666667,
            "support": 100.0
        },
        "1": {
            "precision": 0.4666666666666667,
            "recall": 0.28,
            "f1-score": 0.35,
            "support": 100.0
        },
        "accuracy": 0.48,
        "macro avg": {
            "precision": 0.47619047619047616,
            "recall": 0.48000000000000004,
            "f1-score": 0.4583333333333333,
            "support": 200.0
        },
        "weighted avg": {
            "precision": 0.4761904761904762,
            "recall": 0.48,
            "f1-score": 0.45833333333333326,
            "support": 200.0
        }
    }
}