{
    "accuracy": 0.585,
    "f1": 0.5310734463276836,
    "f1_macro": 0.5794380684553216,
    "f1_weighted": 0.5794380684553216,
    "precision": 0.6103896103896104,
    "recall": 0.47,
    "balanced_accuracy": 0.585,
    "roc_auc": 0.6054,
    "mcc": 0.17468314528284795,
    "cohen_kappa": 0.17000000000000004,
    "num_classes": 2,
    "num_samples": 200,
    "per_class_report": {
        "0": {
            "precision": 0.5691056910569106,
            "recall": 0.7,
            "f1-score": 0.6278026905829597,
            "support": 100.0
        },
        "1": {
            "precision": 0.6103896103896104,
            "recall": 0.47,
            "f1-score": 0.5310734463276836,
            "support": 100.0
        },
        "accuracy": 0.585,
        "macro avg": {
            "precision": 0.5897476507232604,
            "recall": 0.585,
            "f1-score": 0.5794380684553216,
            "support": 200.0
        },
        "weighted avg": {
            "precision": 0.5897476507232604,
            "recall": 0.585,
            "f1-score": 0.5794380684553216,
            "support": 200.0
        }
    }
}