{
    "accuracy": 0.495,
    "f1": 0.4656084656084656,
    "f1_macro": 0.49346773991323756,
    "f1_weighted": 0.49346773991323756,
    "precision": 0.4943820224719101,
    "recall": 0.44,
    "balanced_accuracy": 0.495,
    "roc_auc": 0.5194,
    "mcc": -0.010061054632887345,
    "cohen_kappa": -0.010000000000000009,
    "num_classes": 2,
    "num_samples": 200,
    "per_class_report": {
        "0": {
            "precision": 0.4954954954954955,
            "recall": 0.55,
            "f1-score": 0.5213270142180095,
            "support": 100.0
        },
        "1": {
            "precision": 0.4943820224719101,
            "recall": 0.44,
            "f1-score": 0.4656084656084656,
            "support": 100.0
        },
        "accuracy": 0.495,
        "macro avg": {
            "precision": 0.49493875898370276,
            "recall": 0.495,
            "f1-score": 0.49346773991323756,
            "support": 200.0
        },
        "weighted avg": {
            "precision": 0.49493875898370276,
            "recall": 0.495,
            "f1-score": 0.49346773991323756,
            "support": 200.0
        }
    }
}