{
    "accuracy": 0.525,
    "f1": 0.5077720207253886,
    "f1_macro": 0.5244174113288779,
    "f1_weighted": 0.5244174113288779,
    "precision": 0.5268817204301075,
    "recall": 0.49,
    "balanced_accuracy": 0.525,
    "roc_auc": 0.5896,
    "mcc": 0.050122952033682104,
    "cohen_kappa": 0.050000000000000044,
    "num_classes": 2,
    "num_samples": 200,
    "per_class_report": {
        "0": {
            "precision": 0.5233644859813084,
            "recall": 0.56,
            "f1-score": 0.5410628019323671,
            "support": 100.0
        },
        "1": {
            "precision": 0.5268817204301075,
            "recall": 0.49,
            "f1-score": 0.5077720207253886,
            "support": 100.0
        },
        "accuracy": 0.525,
        "macro avg": {
            "precision": 0.525123103205708,
            "recall": 0.525,
            "f1-score": 0.5244174113288779,
            "support": 200.0
        },
        "weighted avg": {
            "precision": 0.5251231032057079,
            "recall": 0.525,
            "f1-score": 0.5244174113288779,
            "support": 200.0
        }
    }
}