{
    "accuracy": 0.555,
    "f1": 0.5658536585365853,
    "f1_macro": 0.5547217010631644,
    "f1_weighted": 0.5547217010631644,
    "precision": 0.5523809523809524,
    "recall": 0.58,
    "balanced_accuracy": 0.5549999999999999,
    "roc_auc": 0.5824,
    "mcc": 0.11013775835078694,
    "cohen_kappa": 0.10999999999999999,
    "num_classes": 2,
    "num_samples": 200,
    "per_class_report": {
        "0": {
            "precision": 0.5578947368421052,
            "recall": 0.53,
            "f1-score": 0.5435897435897435,
            "support": 100.0
        },
        "1": {
            "precision": 0.5523809523809524,
            "recall": 0.58,
            "f1-score": 0.5658536585365853,
            "support": 100.0
        },
        "accuracy": 0.555,
        "macro avg": {
            "precision": 0.5551378446115288,
            "recall": 0.5549999999999999,
            "f1-score": 0.5547217010631644,
            "support": 200.0
        },
        "weighted avg": {
            "precision": 0.5551378446115288,
            "recall": 0.555,
            "f1-score": 0.5547217010631644,
            "support": 200.0
        }
    }
}