{
    "accuracy": 0.635,
    "f1": 0.6572769953051644,
    "f1_macro": 0.6334513318771811,
    "f1_weighted": 0.6334513318771811,
    "precision": 0.6194690265486725,
    "recall": 0.7,
    "balanced_accuracy": 0.635,
    "roc_auc": 0.6581,
    "mcc": 0.27231083138993856,
    "cohen_kappa": 0.27,
    "num_classes": 2,
    "num_samples": 200,
    "per_class_report": {
        "0": {
            "precision": 0.6551724137931034,
            "recall": 0.57,
            "f1-score": 0.6096256684491979,
            "support": 100.0
        },
        "1": {
            "precision": 0.6194690265486725,
            "recall": 0.7,
            "f1-score": 0.6572769953051644,
            "support": 100.0
        },
        "accuracy": 0.635,
        "macro avg": {
            "precision": 0.6373207201708879,
            "recall": 0.635,
            "f1-score": 0.6334513318771811,
            "support": 200.0
        },
        "weighted avg": {
            "precision": 0.6373207201708879,
            "recall": 0.635,
            "f1-score": 0.6334513318771811,
            "support": 200.0
        }
    }
}