{
    "accuracy": 0.695,
    "f1": 0.6432748538011696,
    "f1_macro": 0.6884496539748206,
    "f1_weighted": 0.6884496539748207,
    "precision": 0.7746478873239436,
    "recall": 0.55,
    "balanced_accuracy": 0.6950000000000001,
    "roc_auc": 0.7226,
    "mcc": 0.40751216476128793,
    "cohen_kappa": 0.39,
    "num_classes": 2,
    "num_samples": 200,
    "per_class_report": {
        "0": {
            "precision": 0.6511627906976745,
            "recall": 0.84,
            "f1-score": 0.7336244541484717,
            "support": 100.0
        },
        "1": {
            "precision": 0.7746478873239436,
            "recall": 0.55,
            "f1-score": 0.6432748538011696,
            "support": 100.0
        },
        "accuracy": 0.695,
        "macro avg": {
            "precision": 0.7129053390108091,
            "recall": 0.6950000000000001,
            "f1-score": 0.6884496539748206,
            "support": 200.0
        },
        "weighted avg": {
            "precision": 0.7129053390108091,
            "recall": 0.695,
            "f1-score": 0.6884496539748207,
            "support": 200.0
        }
    }
}