{
    "accuracy": 0.565,
    "f1": 0.5084745762711864,
    "f1_macro": 0.5591700235616022,
    "f1_weighted": 0.5591700235616022,
    "precision": 0.5844155844155844,
    "recall": 0.45,
    "balanced_accuracy": 0.5650000000000001,
    "roc_auc": 0.5952999999999999,
    "mcc": 0.13358122874570727,
    "cohen_kappa": 0.13,
    "num_classes": 2,
    "num_samples": 200,
    "per_class_report": {
        "0": {
            "precision": 0.5528455284552846,
            "recall": 0.68,
            "f1-score": 0.6098654708520179,
            "support": 100.0
        },
        "1": {
            "precision": 0.5844155844155844,
            "recall": 0.45,
            "f1-score": 0.5084745762711864,
            "support": 100.0
        },
        "accuracy": 0.565,
        "macro avg": {
            "precision": 0.5686305564354345,
            "recall": 0.5650000000000001,
            "f1-score": 0.5591700235616022,
            "support": 200.0
        },
        "weighted avg": {
            "precision": 0.5686305564354345,
            "recall": 0.565,
            "f1-score": 0.5591700235616022,
            "support": 200.0
        }
    }
}