{
    "accuracy": 0.66,
    "f1": 0.7166666666666667,
    "f1_macro": 0.6458333333333333,
    "f1_weighted": 0.6458333333333333,
    "precision": 0.6142857142857143,
    "recall": 0.86,
    "balanced_accuracy": 0.66,
    "roc_auc": 0.7194,
    "mcc": 0.3491486243775878,
    "cohen_kappa": 0.31999999999999995,
    "num_classes": 2,
    "num_samples": 200,
    "per_class_report": {
        "0": {
            "precision": 0.7666666666666667,
            "recall": 0.46,
            "f1-score": 0.575,
            "support": 100.0
        },
        "1": {
            "precision": 0.6142857142857143,
            "recall": 0.86,
            "f1-score": 0.7166666666666667,
            "support": 100.0
        },
        "accuracy": 0.66,
        "macro avg": {
            "precision": 0.6904761904761905,
            "recall": 0.66,
            "f1-score": 0.6458333333333333,
            "support": 200.0
        },
        "weighted avg": {
            "precision": 0.6904761904761905,
            "recall": 0.66,
            "f1-score": 0.6458333333333333,
            "support": 200.0
        }
    }
}