{
    "accuracy": 0.56,
    "f1": 0.5963302752293578,
    "f1_macro": 0.5564068958564372,
    "f1_weighted": 0.5564068958564371,
    "precision": 0.5508474576271186,
    "recall": 0.65,
    "balanced_accuracy": 0.56,
    "roc_auc": 0.5553,
    "mcc": 0.12199255190433671,
    "cohen_kappa": 0.12,
    "num_classes": 2,
    "num_samples": 200,
    "per_class_report": {
        "0": {
            "precision": 0.573170731707317,
            "recall": 0.47,
            "f1-score": 0.5164835164835165,
            "support": 100.0
        },
        "1": {
            "precision": 0.5508474576271186,
            "recall": 0.65,
            "f1-score": 0.5963302752293578,
            "support": 100.0
        },
        "accuracy": 0.56,
        "macro avg": {
            "precision": 0.5620090946672178,
            "recall": 0.56,
            "f1-score": 0.5564068958564372,
            "support": 200.0
        },
        "weighted avg": {
            "precision": 0.5620090946672178,
            "recall": 0.56,
            "f1-score": 0.5564068958564371,
            "support": 200.0
        }
    }
}