{
    "accuracy": 0.52,
    "f1": 0.3684210526315789,
    "f1_macro": 0.49066213921901525,
    "f1_weighted": 0.4906621392190152,
    "precision": 0.5384615384615384,
    "recall": 0.28,
    "balanced_accuracy": 0.52,
    "roc_auc": 0.534,
    "mcc": 0.04559607525875532,
    "cohen_kappa": 0.040000000000000036,
    "num_classes": 2,
    "num_samples": 200,
    "per_class_report": {
        "0": {
            "precision": 0.5135135135135135,
            "recall": 0.76,
            "f1-score": 0.6129032258064516,
            "support": 100.0
        },
        "1": {
            "precision": 0.5384615384615384,
            "recall": 0.28,
            "f1-score": 0.3684210526315789,
            "support": 100.0
        },
        "accuracy": 0.52,
        "macro avg": {
            "precision": 0.525987525987526,
            "recall": 0.52,
            "f1-score": 0.49066213921901525,
            "support": 200.0
        },
        "weighted avg": {
            "precision": 0.525987525987526,
            "recall": 0.52,
            "f1-score": 0.4906621392190152,
            "support": 200.0
        }
    }
}