{
    "accuracy": 0.51,
    "f1": 0.6230769230769231,
    "f1_macro": 0.46153846153846156,
    "f1_weighted": 0.4615384615384615,
    "precision": 0.50625,
    "recall": 0.81,
    "balanced_accuracy": 0.51,
    "roc_auc": 0.5425,
    "mcc": 0.025,
    "cohen_kappa": 0.020000000000000018,
    "num_classes": 2,
    "num_samples": 200,
    "per_class_report": {
        "0": {
            "precision": 0.525,
            "recall": 0.21,
            "f1-score": 0.3,
            "support": 100.0
        },
        "1": {
            "precision": 0.50625,
            "recall": 0.81,
            "f1-score": 0.6230769230769231,
            "support": 100.0
        },
        "accuracy": 0.51,
        "macro avg": {
            "precision": 0.515625,
            "recall": 0.51,
            "f1-score": 0.46153846153846156,
            "support": 200.0
        },
        "weighted avg": {
            "precision": 0.515625,
            "recall": 0.51,
            "f1-score": 0.4615384615384615,
            "support": 200.0
        }
    }
}