{
    "accuracy": 0.7762711864406779,
    "f1": 0.6707306780926413,
    "f1_macro": 0.6707306780926413,
    "f1_weighted": 0.7495704311093726,
    "precision": 0.7294756808099986,
    "recall": 0.6661923264641684,
    "balanced_accuracy": 0.6661923264641684,
    "roc_auc": 0.8800195778275,
    "mcc": 0.6292579705917672,
    "cohen_kappa": 0.6152570990697052,
    "num_classes": 3,
    "num_samples": 885,
    "per_class_report": {
        "0": {
            "precision": 0.7950530035335689,
            "recall": 0.7922535211267606,
            "f1-score": 0.7936507936507936,
            "support": 284.0
        },
        "1": {
            "precision": 0.6060606060606061,
            "recall": 0.25157232704402516,
            "f1-score": 0.35555555555555557,
            "support": 159.0
        },
        "2": {
            "precision": 0.7873134328358209,
            "recall": 0.9547511312217195,
            "f1-score": 0.8629856850715747,
            "support": 442.0
        },
        "accuracy": 0.7762711864406779,
        "macro avg": {
            "precision": 0.7294756808099986,
            "recall": 0.6661923264641684,
            "f1-score": 0.6707306780926413,
            "support": 885.0
        },
        "weighted avg": {
            "precision": 0.7572330244978562,
            "recall": 0.7762711864406779,
            "f1-score": 0.7495704311093726,
            "support": 885.0
        }
    }
}