{
    "accuracy": 0.588903674889958,
    "f1": 0.3617487788354144,
    "f1_macro": 0.3617487788354144,
    "f1_weighted": 0.4988168554190527,
    "precision": 0.5650305217641648,
    "recall": 0.40809769021333575,
    "balanced_accuracy": 0.40809769021333575,
    "roc_auc": 0.7796392375063786,
    "mcc": 0.3282395809287428,
    "cohen_kappa": 0.2789318010262718,
    "num_classes": 4,
    "num_samples": 9769,
    "per_class_report": {
        "0": {
            "precision": 0.6053015241882042,
            "recall": 0.9235591506572295,
            "f1-score": 0.7313050440352282,
            "support": 4945.0
        },
        "1": {
            "precision": 0.8255813953488372,
            "recall": 0.0856453558504222,
            "f1-score": 0.1551912568306011,
            "support": 2487.0
        },
        "2": {
            "precision": 0.49590583418628453,
            "recall": 0.6179846938775511,
            "f1-score": 0.5502555366269165,
            "support": 1568.0
        },
        "3": {
            "precision": 0.3333333333333333,
            "recall": 0.005201560468140442,
            "f1-score": 0.010243277848911651,
            "support": 769.0
        },
        "accuracy": 0.588903674889958,
        "macro avg": {
            "precision": 0.5650305217641648,
            "recall": 0.40809769021333575,
            "f1-score": 0.3617487788354144,
            "support": 9769.0
        },
        "weighted avg": {
            "precision": 0.6224128005610252,
            "recall": 0.588903674889958,
            "f1-score": 0.4988168554190527,
            "support": 9769.0
        }
    }
}