{
    "accuracy": 0.8152173913043478,
    "f1": 0.8333333333333334,
    "f1_macro": 0.8130081300813008,
    "f1_weighted": 0.8152173913043478,
    "precision": 0.8333333333333334,
    "recall": 0.8333333333333334,
    "balanced_accuracy": 0.8130081300813008,
    "roc_auc": 0.9031563845050216,
    "mcc": 0.6260162601626016,
    "cohen_kappa": 0.6260162601626016,
    "num_classes": 2,
    "num_samples": 184,
    "per_class_report": {
        "0": {
            "precision": 0.7926829268292683,
            "recall": 0.7926829268292683,
            "f1-score": 0.7926829268292683,
            "support": 82.0
        },
        "1": {
            "precision": 0.8333333333333334,
            "recall": 0.8333333333333334,
            "f1-score": 0.8333333333333334,
            "support": 102.0
        },
        "accuracy": 0.8152173913043478,
        "macro avg": {
            "precision": 0.8130081300813008,
            "recall": 0.8130081300813008,
            "f1-score": 0.8130081300813008,
            "support": 184.0
        },
        "weighted avg": {
            "precision": 0.8152173913043478,
            "recall": 0.8152173913043478,
            "f1-score": 0.8152173913043478,
            "support": 184.0
        }
    }
}