{
    "accuracy": 0.5973799126637555,
    "f1": 0.5894301570507362,
    "f1_macro": 0.5894301570507362,
    "f1_weighted": 0.5894301570507362,
    "precision": 0.5925450776195195,
    "recall": 0.5973799126637555,
    "balanced_accuracy": 0.5973799126637555,
    "roc_auc": 0.7774014606891555,
    "mcc": 0.39996904992941595,
    "cohen_kappa": 0.39606986899563323,
    "num_classes": 3,
    "num_samples": 3435,
    "per_class_report": {
        "0": {
            "precision": 0.6175051688490696,
            "recall": 0.7825327510917031,
            "f1-score": 0.6902927580893683,
            "support": 1145.0
        },
        "1": {
            "precision": 0.5470459518599562,
            "recall": 0.4366812227074236,
            "f1-score": 0.48567265662943176,
            "support": 1145.0
        },
        "2": {
            "precision": 0.6130841121495327,
            "recall": 0.5729257641921397,
            "f1-score": 0.5923250564334086,
            "support": 1145.0
        },
        "accuracy": 0.5973799126637555,
        "macro avg": {
            "precision": 0.5925450776195195,
            "recall": 0.5973799126637555,
            "f1-score": 0.5894301570507362,
            "support": 3435.0
        },
        "weighted avg": {
            "precision": 0.5925450776195196,
            "recall": 0.5973799126637555,
            "f1-score": 0.5894301570507362,
            "support": 3435.0
        }
    }
}