{
    "accuracy": 0.9858108108108108,
    "f1": 0.9859906604402935,
    "f1_macro": 0.985808471903925,
    "f1_weighted": 0.9858101953089987,
    "precision": 0.9827127659574468,
    "recall": 0.9892904953145917,
    "balanced_accuracy": 0.985777580535877,
    "roc_auc": 0.9980531493869977,
    "mcc": 0.9716394543634014,
    "cohen_kappa": 0.9716172678058723,
    "num_classes": 2,
    "num_samples": 1480,
    "per_class_report": {
        "0": {
            "precision": 0.989010989010989,
            "recall": 0.9822646657571623,
            "f1-score": 0.9856262833675564,
            "support": 733.0
        },
        "1": {
            "precision": 0.9827127659574468,
            "recall": 0.9892904953145917,
            "f1-score": 0.9859906604402935,
            "support": 747.0
        },
        "accuracy": 0.9858108108108108,
        "macro avg": {
            "precision": 0.9858618774842179,
            "recall": 0.985777580535877,
            "f1-score": 0.985808471903925,
            "support": 1480.0
        },
        "weighted avg": {
            "precision": 0.9858320885913971,
            "recall": 0.9858108108108108,
            "f1-score": 0.9858101953089987,
            "support": 1480.0
        }
    }
}