{
    "accuracy": 0.8341463414634146,
    "f1": 0.8282828282828283,
    "f1_macro": 0.8339527348961311,
    "f1_weighted": 0.8339803929771716,
    "precision": 0.8541666666666666,
    "recall": 0.803921568627451,
    "balanced_accuracy": 0.8339996192651817,
    "roc_auc": 0.9419379402246335,
    "mcc": 0.6693384908184363,
    "cohen_kappa": 0.6681900409406836,
    "num_classes": 2,
    "num_samples": 205,
    "per_class_report": {
        "0": {
            "precision": 0.8165137614678899,
            "recall": 0.8640776699029126,
            "f1-score": 0.839622641509434,
            "support": 103.0
        },
        "1": {
            "precision": 0.8541666666666666,
            "recall": 0.803921568627451,
            "f1-score": 0.8282828282828283,
            "support": 102.0
        },
        "accuracy": 0.8341463414634146,
        "macro avg": {
            "precision": 0.8353402140672783,
            "recall": 0.8339996192651817,
            "f1-score": 0.8339527348961311,
            "support": 205.0
        },
        "weighted avg": {
            "precision": 0.835248377713135,
            "recall": 0.8341463414634146,
            "f1-score": 0.8339803929771716,
            "support": 205.0
        }
    }
}