{
    "accuracy": 0.8829268292682927,
    "f1": 0.8762886597938144,
    "f1_macro": 0.8825887743413516,
    "f1_weighted": 0.8826195066074373,
    "precision": 0.9239130434782609,
    "recall": 0.8333333333333334,
    "balanced_accuracy": 0.8826860841423949,
    "roc_auc": 0.9389872453835904,
    "mcc": 0.7694107121033498,
    "cohen_kappa": 0.7657365965146177,
    "num_classes": 2,
    "num_samples": 205,
    "per_class_report": {
        "0": {
            "precision": 0.8495575221238938,
            "recall": 0.9320388349514563,
            "f1-score": 0.8888888888888888,
            "support": 103.0
        },
        "1": {
            "precision": 0.9239130434782609,
            "recall": 0.8333333333333334,
            "f1-score": 0.8762886597938144,
            "support": 102.0
        },
        "accuracy": 0.8829268292682927,
        "macro avg": {
            "precision": 0.8867352828010773,
            "recall": 0.8826860841423949,
            "f1-score": 0.8825887743413516,
            "support": 205.0
        },
        "weighted avg": {
            "precision": 0.8865539278709448,
            "recall": 0.8829268292682927,
            "f1-score": 0.8826195066074373,
            "support": 205.0
        }
    }
}