{
    "accuracy": 0.7024390243902439,
    "f1": 0.6995073891625616,
    "f1_macro": 0.7024106994121987,
    "f1_weighted": 0.7024248619012213,
    "precision": 0.7029702970297029,
    "recall": 0.696078431372549,
    "balanced_accuracy": 0.7024081477251094,
    "roc_auc": 0.7927850751951266,
    "mcc": 0.40485483286717044,
    "cohen_kappa": 0.4048355623244967,
    "num_classes": 2,
    "num_samples": 205,
    "per_class_report": {
        "0": {
            "precision": 0.7019230769230769,
            "recall": 0.7087378640776699,
            "f1-score": 0.7053140096618358,
            "support": 103.0
        },
        "1": {
            "precision": 0.7029702970297029,
            "recall": 0.696078431372549,
            "f1-score": 0.6995073891625616,
            "support": 102.0
        },
        "accuracy": 0.7024390243902439,
        "macro avg": {
            "precision": 0.7024466869763899,
            "recall": 0.7024081477251094,
            "f1-score": 0.7024106994121987,
            "support": 205.0
        },
        "weighted avg": {
            "precision": 0.7024441327810079,
            "recall": 0.7024390243902439,
            "f1-score": 0.7024248619012213,
            "support": 205.0
        }
    }
}