{
    "accuracy": 0.6,
    "f1": 0.3333333333333333,
    "f1_macro": 0.5238095238095238,
    "f1_weighted": 0.5238095238095238,
    "precision": 1.0,
    "recall": 0.2,
    "balanced_accuracy": 0.6,
    "roc_auc": 0.6399999999999999,
    "mcc": 0.3333333333333333,
    "cohen_kappa": 0.19999999999999996,
    "num_classes": 2,
    "num_samples": 10,
    "per_class_report": {
        "0": {
            "precision": 0.5555555555555556,
            "recall": 1.0,
            "f1-score": 0.7142857142857143,
            "support": 5.0
        },
        "1": {
            "precision": 1.0,
            "recall": 0.2,
            "f1-score": 0.3333333333333333,
            "support": 5.0
        },
        "accuracy": 0.6,
        "macro avg": {
            "precision": 0.7777777777777778,
            "recall": 0.6,
            "f1-score": 0.5238095238095238,
            "support": 10.0
        },
        "weighted avg": {
            "precision": 0.7777777777777778,
            "recall": 0.6,
            "f1-score": 0.5238095238095238,
            "support": 10.0
        }
    }
}