{
    "accuracy": 0.51,
    "f1": 0.4948453608247423,
    "f1_macro": 0.5095586027424682,
    "f1_weighted": 0.5095586027424682,
    "precision": 0.5106382978723404,
    "recall": 0.48,
    "balanced_accuracy": 0.51,
    "roc_auc": 0.5468,
    "mcc": 0.020036097492521526,
    "cohen_kappa": 0.020000000000000018,
    "num_classes": 2,
    "num_samples": 200,
    "per_class_report": {
        "0": {
            "precision": 0.5094339622641509,
            "recall": 0.54,
            "f1-score": 0.5242718446601942,
            "support": 100.0
        },
        "1": {
            "precision": 0.5106382978723404,
            "recall": 0.48,
            "f1-score": 0.4948453608247423,
            "support": 100.0
        },
        "accuracy": 0.51,
        "macro avg": {
            "precision": 0.5100361300682457,
            "recall": 0.51,
            "f1-score": 0.5095586027424682,
            "support": 200.0
        },
        "weighted avg": {
            "precision": 0.5100361300682457,
            "recall": 0.51,
            "f1-score": 0.5095586027424682,
            "support": 200.0
        }
    }
}