{
    "accuracy": 0.68,
    "f1": 0.673469387755102,
    "f1_macro": 0.6798719487795117,
    "f1_weighted": 0.6798719487795117,
    "precision": 0.6875,
    "recall": 0.66,
    "balanced_accuracy": 0.6799999999999999,
    "roc_auc": 0.7113,
    "mcc": 0.36028834606144605,
    "cohen_kappa": 0.36,
    "num_classes": 2,
    "num_samples": 200,
    "per_class_report": {
        "0": {
            "precision": 0.6730769230769231,
            "recall": 0.7,
            "f1-score": 0.6862745098039216,
            "support": 100.0
        },
        "1": {
            "precision": 0.6875,
            "recall": 0.66,
            "f1-score": 0.673469387755102,
            "support": 100.0
        },
        "accuracy": 0.68,
        "macro avg": {
            "precision": 0.6802884615384616,
            "recall": 0.6799999999999999,
            "f1-score": 0.6798719487795117,
            "support": 200.0
        },
        "weighted avg": {
            "precision": 0.6802884615384616,
            "recall": 0.68,
            "f1-score": 0.6798719487795117,
            "support": 200.0
        }
    }
}