{
    "accuracy": 0.615,
    "f1": 0.5276073619631901,
    "f1_macro": 0.6013564235976288,
    "f1_weighted": 0.6013564235976289,
    "precision": 0.6825396825396826,
    "recall": 0.43,
    "balanced_accuracy": 0.615,
    "roc_auc": 0.7173,
    "mcc": 0.24756957875957353,
    "cohen_kappa": 0.22999999999999998,
    "num_classes": 2,
    "num_samples": 200,
    "per_class_report": {
        "0": {
            "precision": 0.583941605839416,
            "recall": 0.8,
            "f1-score": 0.6751054852320675,
            "support": 100.0
        },
        "1": {
            "precision": 0.6825396825396826,
            "recall": 0.43,
            "f1-score": 0.5276073619631901,
            "support": 100.0
        },
        "accuracy": 0.615,
        "macro avg": {
            "precision": 0.6332406441895493,
            "recall": 0.615,
            "f1-score": 0.6013564235976288,
            "support": 200.0
        },
        "weighted avg": {
            "precision": 0.6332406441895493,
            "recall": 0.615,
            "f1-score": 0.6013564235976289,
            "support": 200.0
        }
    }
}