{
    "accuracy": 0.485,
    "f1": 0.33548387096774196,
    "f1_macro": 0.4575378538512179,
    "f1_weighted": 0.45753785385121787,
    "precision": 0.4727272727272727,
    "recall": 0.26,
    "balanced_accuracy": 0.485,
    "roc_auc": 0.4963,
    "mcc": -0.033593550657351263,
    "cohen_kappa": -0.030000000000000027,
    "num_classes": 2,
    "num_samples": 200,
    "per_class_report": {
        "0": {
            "precision": 0.4896551724137931,
            "recall": 0.71,
            "f1-score": 0.5795918367346938,
            "support": 100.0
        },
        "1": {
            "precision": 0.4727272727272727,
            "recall": 0.26,
            "f1-score": 0.33548387096774196,
            "support": 100.0
        },
        "accuracy": 0.485,
        "macro avg": {
            "precision": 0.48119122257053293,
            "recall": 0.485,
            "f1-score": 0.4575378538512179,
            "support": 200.0
        },
        "weighted avg": {
            "precision": 0.48119122257053293,
            "recall": 0.485,
            "f1-score": 0.45753785385121787,
            "support": 200.0
        }
    }
}