{
    "accuracy": 0.55,
    "f1": 0.5754716981132075,
    "f1_macro": 0.5483741469289443,
    "f1_weighted": 0.5483741469289443,
    "precision": 0.5446428571428571,
    "recall": 0.61,
    "balanced_accuracy": 0.55,
    "roc_auc": 0.5615,
    "mcc": 0.10072787050317254,
    "cohen_kappa": 0.09999999999999998,
    "num_classes": 2,
    "num_samples": 200,
    "per_class_report": {
        "0": {
            "precision": 0.5568181818181818,
            "recall": 0.49,
            "f1-score": 0.5212765957446809,
            "support": 100.0
        },
        "1": {
            "precision": 0.5446428571428571,
            "recall": 0.61,
            "f1-score": 0.5754716981132075,
            "support": 100.0
        },
        "accuracy": 0.55,
        "macro avg": {
            "precision": 0.5507305194805194,
            "recall": 0.55,
            "f1-score": 0.5483741469289443,
            "support": 200.0
        },
        "weighted avg": {
            "precision": 0.5507305194805194,
            "recall": 0.55,
            "f1-score": 0.5483741469289443,
            "support": 200.0
        }
    }
}