{
    "accuracy": 0.54,
    "f1": 0.5,
    "f1_macro": 0.537037037037037,
    "f1_weighted": 0.537037037037037,
    "precision": 0.5476190476190477,
    "recall": 0.46,
    "balanced_accuracy": 0.54,
    "roc_auc": 0.5555,
    "mcc": 0.08104408984731078,
    "cohen_kappa": 0.07999999999999996,
    "num_classes": 2,
    "num_samples": 200,
    "per_class_report": {
        "0": {
            "precision": 0.5344827586206896,
            "recall": 0.62,
            "f1-score": 0.5740740740740741,
            "support": 100.0
        },
        "1": {
            "precision": 0.5476190476190477,
            "recall": 0.46,
            "f1-score": 0.5,
            "support": 100.0
        },
        "accuracy": 0.54,
        "macro avg": {
            "precision": 0.5410509031198687,
            "recall": 0.54,
            "f1-score": 0.537037037037037,
            "support": 200.0
        },
        "weighted avg": {
            "precision": 0.5410509031198686,
            "recall": 0.54,
            "f1-score": 0.537037037037037,
            "support": 200.0
        }
    }
}