{
    "accuracy": 0.73,
    "f1": 0.7157894736842105,
    "f1_macro": 0.7293233082706767,
    "f1_weighted": 0.7293233082706767,
    "precision": 0.7555555555555555,
    "recall": 0.68,
    "balanced_accuracy": 0.73,
    "roc_auc": 0.8194,
    "mcc": 0.4623173950192375,
    "cohen_kappa": 0.45999999999999996,
    "num_classes": 2,
    "num_samples": 200,
    "per_class_report": {
        "0": {
            "precision": 0.7090909090909091,
            "recall": 0.78,
            "f1-score": 0.7428571428571429,
            "support": 100.0
        },
        "1": {
            "precision": 0.7555555555555555,
            "recall": 0.68,
            "f1-score": 0.7157894736842105,
            "support": 100.0
        },
        "accuracy": 0.73,
        "macro avg": {
            "precision": 0.7323232323232323,
            "recall": 0.73,
            "f1-score": 0.7293233082706767,
            "support": 200.0
        },
        "weighted avg": {
            "precision": 0.7323232323232324,
            "recall": 0.73,
            "f1-score": 0.7293233082706767,
            "support": 200.0
        }
    }
}