{
    "accuracy": 0.505,
    "f1": 0.6688963210702341,
    "f1_macro": 0.34434915063412697,
    "f1_weighted": 0.34434915063412697,
    "precision": 0.5025125628140703,
    "recall": 1.0,
    "balanced_accuracy": 0.505,
    "roc_auc": 0.5322,
    "mcc": 0.0708881205008336,
    "cohen_kappa": 0.010000000000000009,
    "num_classes": 2,
    "num_samples": 200,
    "per_class_report": {
        "0": {
            "precision": 1.0,
            "recall": 0.01,
            "f1-score": 0.019801980198019802,
            "support": 100.0
        },
        "1": {
            "precision": 0.5025125628140703,
            "recall": 1.0,
            "f1-score": 0.6688963210702341,
            "support": 100.0
        },
        "accuracy": 0.505,
        "macro avg": {
            "precision": 0.7512562814070352,
            "recall": 0.505,
            "f1-score": 0.34434915063412697,
            "support": 200.0
        },
        "weighted avg": {
            "precision": 0.7512562814070352,
            "recall": 0.505,
            "f1-score": 0.34434915063412697,
            "support": 200.0
        }
    }
}