{
    "accuracy": 0.67,
    "f1": 0.6632653061224489,
    "f1_macro": 0.6698679471788715,
    "f1_weighted": 0.6698679471788717,
    "precision": 0.6770833333333334,
    "recall": 0.65,
    "balanced_accuracy": 0.6699999999999999,
    "roc_auc": 0.7579,
    "mcc": 0.34027232683581016,
    "cohen_kappa": 0.33999999999999997,
    "num_classes": 2,
    "num_samples": 200,
    "per_class_report": {
        "0": {
            "precision": 0.6634615384615384,
            "recall": 0.69,
            "f1-score": 0.6764705882352942,
            "support": 100.0
        },
        "1": {
            "precision": 0.6770833333333334,
            "recall": 0.65,
            "f1-score": 0.6632653061224489,
            "support": 100.0
        },
        "accuracy": 0.67,
        "macro avg": {
            "precision": 0.6702724358974359,
            "recall": 0.6699999999999999,
            "f1-score": 0.6698679471788715,
            "support": 200.0
        },
        "weighted avg": {
            "precision": 0.6702724358974359,
            "recall": 0.67,
            "f1-score": 0.6698679471788717,
            "support": 200.0
        }
    }
}