{
    "accuracy": 0.9,
    "f1": 0.9029126213592233,
    "f1_macro": 0.8999099189270343,
    "f1_weighted": 0.8999099189270345,
    "precision": 0.8773584905660378,
    "recall": 0.93,
    "balanced_accuracy": 0.9,
    "roc_auc": 0.9591999999999999,
    "mcc": 0.801443899700861,
    "cohen_kappa": 0.8,
    "num_classes": 2,
    "num_samples": 200,
    "per_class_report": {
        "0": {
            "precision": 0.925531914893617,
            "recall": 0.87,
            "f1-score": 0.8969072164948454,
            "support": 100.0
        },
        "1": {
            "precision": 0.8773584905660378,
            "recall": 0.93,
            "f1-score": 0.9029126213592233,
            "support": 100.0
        },
        "accuracy": 0.9,
        "macro avg": {
            "precision": 0.9014452027298274,
            "recall": 0.9,
            "f1-score": 0.8999099189270343,
            "support": 200.0
        },
        "weighted avg": {
            "precision": 0.9014452027298273,
            "recall": 0.9,
            "f1-score": 0.8999099189270345,
            "support": 200.0
        }
    }
}