{
    "accuracy": 0.49,
    "f1": 0.47959183673469385,
    "f1_macro": 0.4897959183673469,
    "f1_weighted": 0.4897959183673469,
    "precision": 0.4895833333333333,
    "recall": 0.47,
    "balanced_accuracy": 0.49,
    "roc_auc": 0.43670000000000003,
    "mcc": -0.02001601922563589,
    "cohen_kappa": -0.020000000000000018,
    "num_classes": 2,
    "num_samples": 200,
    "per_class_report": {
        "0": {
            "precision": 0.49038461538461536,
            "recall": 0.51,
            "f1-score": 0.5,
            "support": 100.0
        },
        "1": {
            "precision": 0.4895833333333333,
            "recall": 0.47,
            "f1-score": 0.47959183673469385,
            "support": 100.0
        },
        "accuracy": 0.49,
        "macro avg": {
            "precision": 0.48998397435897434,
            "recall": 0.49,
            "f1-score": 0.4897959183673469,
            "support": 200.0
        },
        "weighted avg": {
            "precision": 0.4899839743589743,
            "recall": 0.49,
            "f1-score": 0.4897959183673469,
            "support": 200.0
        }
    }
}