{
    "accuracy": 0.59,
    "f1": 0.5684210526315789,
    "f1_macro": 0.5889724310776943,
    "f1_weighted": 0.5889724310776943,
    "precision": 0.6,
    "recall": 0.54,
    "balanced_accuracy": 0.5900000000000001,
    "roc_auc": 0.6143,
    "mcc": 0.18090680674665816,
    "cohen_kappa": 0.18000000000000005,
    "num_classes": 2,
    "num_samples": 200,
    "per_class_report": {
        "0": {
            "precision": 0.5818181818181818,
            "recall": 0.64,
            "f1-score": 0.6095238095238096,
            "support": 100.0
        },
        "1": {
            "precision": 0.6,
            "recall": 0.54,
            "f1-score": 0.5684210526315789,
            "support": 100.0
        },
        "accuracy": 0.59,
        "macro avg": {
            "precision": 0.5909090909090908,
            "recall": 0.5900000000000001,
            "f1-score": 0.5889724310776943,
            "support": 200.0
        },
        "weighted avg": {
            "precision": 0.5909090909090909,
            "recall": 0.59,
            "f1-score": 0.5889724310776943,
            "support": 200.0
        }
    }
}