{
    "accuracy": 0.515,
    "f1": 0.622568093385214,
    "f1_macro": 0.47212320753176784,
    "f1_weighted": 0.47212320753176784,
    "precision": 0.5095541401273885,
    "recall": 0.8,
    "balanced_accuracy": 0.515,
    "roc_auc": 0.5256,
    "mcc": 0.0365121326647545,
    "cohen_kappa": 0.030000000000000027,
    "num_classes": 2,
    "num_samples": 200,
    "per_class_report": {
        "0": {
            "precision": 0.5348837209302325,
            "recall": 0.23,
            "f1-score": 0.32167832167832167,
            "support": 100.0
        },
        "1": {
            "precision": 0.5095541401273885,
            "recall": 0.8,
            "f1-score": 0.622568093385214,
            "support": 100.0
        },
        "accuracy": 0.515,
        "macro avg": {
            "precision": 0.5222189305288105,
            "recall": 0.515,
            "f1-score": 0.47212320753176784,
            "support": 200.0
        },
        "weighted avg": {
            "precision": 0.5222189305288105,
            "recall": 0.515,
            "f1-score": 0.47212320753176784,
            "support": 200.0
        }
    }
}