{
    "accuracy": 0.54,
    "f1": 0.4888888888888889,
    "f1_macro": 0.5353535353535354,
    "f1_weighted": 0.5353535353535354,
    "precision": 0.55,
    "recall": 0.44,
    "balanced_accuracy": 0.54,
    "roc_auc": 0.5751999999999999,
    "mcc": 0.08164965809277261,
    "cohen_kappa": 0.07999999999999996,
    "num_classes": 2,
    "num_samples": 200,
    "per_class_report": {
        "0": {
            "precision": 0.5333333333333333,
            "recall": 0.64,
            "f1-score": 0.5818181818181818,
            "support": 100.0
        },
        "1": {
            "precision": 0.55,
            "recall": 0.44,
            "f1-score": 0.4888888888888889,
            "support": 100.0
        },
        "accuracy": 0.54,
        "macro avg": {
            "precision": 0.5416666666666667,
            "recall": 0.54,
            "f1-score": 0.5353535353535354,
            "support": 200.0
        },
        "weighted avg": {
            "precision": 0.5416666666666667,
            "recall": 0.54,
            "f1-score": 0.5353535353535354,
            "support": 200.0
        }
    }
}