{
    "accuracy": 0.555,
    "f1": 0.44025157232704404,
    "f1_macro": 0.5354784832589576,
    "f1_weighted": 0.5354784832589577,
    "precision": 0.5932203389830508,
    "recall": 0.35,
    "balanced_accuracy": 0.5549999999999999,
    "roc_auc": 0.5918,
    "mcc": 0.12060272563246473,
    "cohen_kappa": 0.10999999999999999,
    "num_classes": 2,
    "num_samples": 200,
    "per_class_report": {
        "0": {
            "precision": 0.5390070921985816,
            "recall": 0.76,
            "f1-score": 0.6307053941908713,
            "support": 100.0
        },
        "1": {
            "precision": 0.5932203389830508,
            "recall": 0.35,
            "f1-score": 0.44025157232704404,
            "support": 100.0
        },
        "accuracy": 0.555,
        "macro avg": {
            "precision": 0.5661137155908162,
            "recall": 0.5549999999999999,
            "f1-score": 0.5354784832589576,
            "support": 200.0
        },
        "weighted avg": {
            "precision": 0.5661137155908161,
            "recall": 0.555,
            "f1-score": 0.5354784832589577,
            "support": 200.0
        }
    }
}