{
    "accuracy": 0.74,
    "f1": 0.7263157894736842,
    "f1_macro": 0.7393483709273183,
    "f1_weighted": 0.7393483709273184,
    "precision": 0.7666666666666667,
    "recall": 0.69,
    "balanced_accuracy": 0.74,
    "roc_auc": 0.7862,
    "mcc": 0.4824181513244218,
    "cohen_kappa": 0.48,
    "num_classes": 2,
    "num_samples": 200,
    "per_class_report": {
        "0": {
            "precision": 0.7181818181818181,
            "recall": 0.79,
            "f1-score": 0.7523809523809524,
            "support": 100.0
        },
        "1": {
            "precision": 0.7666666666666667,
            "recall": 0.69,
            "f1-score": 0.7263157894736842,
            "support": 100.0
        },
        "accuracy": 0.74,
        "macro avg": {
            "precision": 0.7424242424242424,
            "recall": 0.74,
            "f1-score": 0.7393483709273183,
            "support": 200.0
        },
        "weighted avg": {
            "precision": 0.7424242424242425,
            "recall": 0.74,
            "f1-score": 0.7393483709273184,
            "support": 200.0
        }
    }
}