{
    "accuracy": 0.495,
    "f1": 0.0380952380952381,
    "f1_macro": 0.3478611783696529,
    "f1_weighted": 0.34786117836965297,
    "precision": 0.4,
    "recall": 0.02,
    "balanced_accuracy": 0.495,
    "roc_auc": 0.5741,
    "mcc": -0.03202563076101742,
    "cohen_kappa": -0.010000000000000009,
    "num_classes": 2,
    "num_samples": 200,
    "per_class_report": {
        "0": {
            "precision": 0.49743589743589745,
            "recall": 0.97,
            "f1-score": 0.6576271186440678,
            "support": 100.0
        },
        "1": {
            "precision": 0.4,
            "recall": 0.02,
            "f1-score": 0.0380952380952381,
            "support": 100.0
        },
        "accuracy": 0.495,
        "macro avg": {
            "precision": 0.44871794871794873,
            "recall": 0.495,
            "f1-score": 0.3478611783696529,
            "support": 200.0
        },
        "weighted avg": {
            "precision": 0.44871794871794873,
            "recall": 0.495,
            "f1-score": 0.34786117836965297,
            "support": 200.0
        }
    }
}