{
    "accuracy": 0.585,
    "f1": 0.4645161290322581,
    "f1_macro": 0.5628703094140882,
    "f1_weighted": 0.5628703094140882,
    "precision": 0.6545454545454545,
    "recall": 0.36,
    "balanced_accuracy": 0.585,
    "roc_auc": 0.6391,
    "mcc": 0.19036345372499047,
    "cohen_kappa": 0.17000000000000004,
    "num_classes": 2,
    "num_samples": 200,
    "per_class_report": {
        "0": {
            "precision": 0.5586206896551724,
            "recall": 0.81,
            "f1-score": 0.6612244897959184,
            "support": 100.0
        },
        "1": {
            "precision": 0.6545454545454545,
            "recall": 0.36,
            "f1-score": 0.4645161290322581,
            "support": 100.0
        },
        "accuracy": 0.585,
        "macro avg": {
            "precision": 0.6065830721003135,
            "recall": 0.585,
            "f1-score": 0.5628703094140882,
            "support": 200.0
        },
        "weighted avg": {
            "precision": 0.6065830721003135,
            "recall": 0.585,
            "f1-score": 0.5628703094140882,
            "support": 200.0
        }
    }
}