{
    "accuracy": 0.48,
    "f1": 0.5357142857142857,
    "f1_macro": 0.4724025974025974,
    "f1_weighted": 0.47240259740259744,
    "precision": 0.4838709677419355,
    "recall": 0.6,
    "balanced_accuracy": 0.48,
    "roc_auc": 0.4791000000000001,
    "mcc": -0.041204282171516456,
    "cohen_kappa": -0.040000000000000036,
    "num_classes": 2,
    "num_samples": 200,
    "per_class_report": {
        "0": {
            "precision": 0.47368421052631576,
            "recall": 0.36,
            "f1-score": 0.4090909090909091,
            "support": 100.0
        },
        "1": {
            "precision": 0.4838709677419355,
            "recall": 0.6,
            "f1-score": 0.5357142857142857,
            "support": 100.0
        },
        "accuracy": 0.48,
        "macro avg": {
            "precision": 0.4787775891341256,
            "recall": 0.48,
            "f1-score": 0.4724025974025974,
            "support": 200.0
        },
        "weighted avg": {
            "precision": 0.47877758913412566,
            "recall": 0.48,
            "f1-score": 0.47240259740259744,
            "support": 200.0
        }
    }
}