{
    "accuracy": 0.745,
    "f1": 0.751219512195122,
    "f1_macro": 0.7448405253283302,
    "f1_weighted": 0.7448405253283303,
    "precision": 0.7333333333333333,
    "recall": 0.77,
    "balanced_accuracy": 0.745,
    "roc_auc": 0.8451,
    "mcc": 0.49061365083532366,
    "cohen_kappa": 0.49,
    "num_classes": 2,
    "num_samples": 200,
    "per_class_report": {
        "0": {
            "precision": 0.7578947368421053,
            "recall": 0.72,
            "f1-score": 0.7384615384615385,
            "support": 100.0
        },
        "1": {
            "precision": 0.7333333333333333,
            "recall": 0.77,
            "f1-score": 0.751219512195122,
            "support": 100.0
        },
        "accuracy": 0.745,
        "macro avg": {
            "precision": 0.7456140350877193,
            "recall": 0.745,
            "f1-score": 0.7448405253283302,
            "support": 200.0
        },
        "weighted avg": {
            "precision": 0.7456140350877193,
            "recall": 0.745,
            "f1-score": 0.7448405253283303,
            "support": 200.0
        }
    }
}