{
    "accuracy": 0.78,
    "f1": 0.7884615384615384,
    "f1_macro": 0.7796474358974359,
    "f1_weighted": 0.7796474358974359,
    "precision": 0.7592592592592593,
    "recall": 0.82,
    "balanced_accuracy": 0.78,
    "roc_auc": 0.8580999999999999,
    "mcc": 0.5618006477335895,
    "cohen_kappa": 0.56,
    "num_classes": 2,
    "num_samples": 200,
    "per_class_report": {
        "0": {
            "precision": 0.8043478260869565,
            "recall": 0.74,
            "f1-score": 0.7708333333333334,
            "support": 100.0
        },
        "1": {
            "precision": 0.7592592592592593,
            "recall": 0.82,
            "f1-score": 0.7884615384615384,
            "support": 100.0
        },
        "accuracy": 0.78,
        "macro avg": {
            "precision": 0.7818035426731079,
            "recall": 0.78,
            "f1-score": 0.7796474358974359,
            "support": 200.0
        },
        "weighted avg": {
            "precision": 0.7818035426731079,
            "recall": 0.78,
            "f1-score": 0.7796474358974359,
            "support": 200.0
        }
    }
}