{
    "accuracy": 0.645,
    "f1": 0.6162162162162163,
    "f1_macro": 0.6429918290383407,
    "f1_weighted": 0.6429918290383406,
    "precision": 0.6705882352941176,
    "recall": 0.57,
    "balanced_accuracy": 0.645,
    "roc_auc": 0.7270000000000001,
    "mcc": 0.2933186077060207,
    "cohen_kappa": 0.29000000000000004,
    "num_classes": 2,
    "num_samples": 200,
    "per_class_report": {
        "0": {
            "precision": 0.6260869565217392,
            "recall": 0.72,
            "f1-score": 0.6697674418604651,
            "support": 100.0
        },
        "1": {
            "precision": 0.6705882352941176,
            "recall": 0.57,
            "f1-score": 0.6162162162162163,
            "support": 100.0
        },
        "accuracy": 0.645,
        "macro avg": {
            "precision": 0.6483375959079284,
            "recall": 0.645,
            "f1-score": 0.6429918290383407,
            "support": 200.0
        },
        "weighted avg": {
            "precision": 0.6483375959079284,
            "recall": 0.645,
            "f1-score": 0.6429918290383406,
            "support": 200.0
        }
    }
}