{
    "accuracy": 0.575,
    "f1": 0.5728643216080402,
    "f1_macro": 0.5749893747343684,
    "f1_weighted": 0.5749893747343684,
    "precision": 0.5757575757575758,
    "recall": 0.57,
    "balanced_accuracy": 0.575,
    "roc_auc": 0.5760000000000001,
    "mcc": 0.15000750056254686,
    "cohen_kappa": 0.15000000000000002,
    "num_classes": 2,
    "num_samples": 200,
    "per_class_report": {
        "0": {
            "precision": 0.5742574257425742,
            "recall": 0.58,
            "f1-score": 0.5771144278606966,
            "support": 100.0
        },
        "1": {
            "precision": 0.5757575757575758,
            "recall": 0.57,
            "f1-score": 0.5728643216080402,
            "support": 100.0
        },
        "accuracy": 0.575,
        "macro avg": {
            "precision": 0.575007500750075,
            "recall": 0.575,
            "f1-score": 0.5749893747343684,
            "support": 200.0
        },
        "weighted avg": {
            "precision": 0.575007500750075,
            "recall": 0.575,
            "f1-score": 0.5749893747343684,
            "support": 200.0
        }
    }
}