{
    "accuracy": 0.57,
    "f1": 0.6090909090909091,
    "f1_macro": 0.5656565656565657,
    "f1_weighted": 0.5656565656565656,
    "precision": 0.5583333333333333,
    "recall": 0.67,
    "balanced_accuracy": 0.5700000000000001,
    "roc_auc": 0.5804,
    "mcc": 0.14288690166235207,
    "cohen_kappa": 0.14,
    "num_classes": 2,
    "num_samples": 200,
    "per_class_report": {
        "0": {
            "precision": 0.5875,
            "recall": 0.47,
            "f1-score": 0.5222222222222223,
            "support": 100.0
        },
        "1": {
            "precision": 0.5583333333333333,
            "recall": 0.67,
            "f1-score": 0.6090909090909091,
            "support": 100.0
        },
        "accuracy": 0.57,
        "macro avg": {
            "precision": 0.5729166666666667,
            "recall": 0.5700000000000001,
            "f1-score": 0.5656565656565657,
            "support": 200.0
        },
        "weighted avg": {
            "precision": 0.5729166666666667,
            "recall": 0.57,
            "f1-score": 0.5656565656565656,
            "support": 200.0
        }
    }
}