{
    "accuracy": 0.64,
    "f1": 0.5714285714285714,
    "f1_macro": 0.6305418719211823,
    "f1_weighted": 0.6305418719211823,
    "precision": 0.7058823529411765,
    "recall": 0.48,
    "balanced_accuracy": 0.64,
    "roc_auc": 0.6720999999999999,
    "mcc": 0.2955402316445243,
    "cohen_kappa": 0.28,
    "num_classes": 2,
    "num_samples": 200,
    "per_class_report": {
        "0": {
            "precision": 0.6060606060606061,
            "recall": 0.8,
            "f1-score": 0.6896551724137931,
            "support": 100.0
        },
        "1": {
            "precision": 0.7058823529411765,
            "recall": 0.48,
            "f1-score": 0.5714285714285714,
            "support": 100.0
        },
        "accuracy": 0.64,
        "macro avg": {
            "precision": 0.6559714795008913,
            "recall": 0.64,
            "f1-score": 0.6305418719211823,
            "support": 200.0
        },
        "weighted avg": {
            "precision": 0.6559714795008912,
            "recall": 0.64,
            "f1-score": 0.6305418719211823,
            "support": 200.0
        }
    }
}