{
    "accuracy": 0.485,
    "f1": 0.08849557522123894,
    "f1_macro": 0.36480527889981806,
    "f1_weighted": 0.364805278899818,
    "precision": 0.38461538461538464,
    "recall": 0.05,
    "balanced_accuracy": 0.48500000000000004,
    "roc_auc": 0.46690000000000004,
    "mcc": -0.060845543573612756,
    "cohen_kappa": -0.030000000000000027,
    "num_classes": 2,
    "num_samples": 200,
    "per_class_report": {
        "0": {
            "precision": 0.4919786096256685,
            "recall": 0.92,
            "f1-score": 0.6411149825783972,
            "support": 100.0
        },
        "1": {
            "precision": 0.38461538461538464,
            "recall": 0.05,
            "f1-score": 0.08849557522123894,
            "support": 100.0
        },
        "accuracy": 0.485,
        "macro avg": {
            "precision": 0.43829699712052655,
            "recall": 0.48500000000000004,
            "f1-score": 0.36480527889981806,
            "support": 200.0
        },
        "weighted avg": {
            "precision": 0.4382969971205266,
            "recall": 0.485,
            "f1-score": 0.364805278899818,
            "support": 200.0
        }
    }
}