{
    "accuracy": 0.6,
    "f1": 0.5294117647058824,
    "f1_macro": 0.5907928388746804,
    "f1_weighted": 0.5907928388746804,
    "precision": 0.6428571428571429,
    "recall": 0.45,
    "balanced_accuracy": 0.6,
    "roc_auc": 0.7030000000000001,
    "mcc": 0.20965696734438366,
    "cohen_kappa": 0.19999999999999996,
    "num_classes": 2,
    "num_samples": 200,
    "per_class_report": {
        "0": {
            "precision": 0.5769230769230769,
            "recall": 0.75,
            "f1-score": 0.6521739130434783,
            "support": 100.0
        },
        "1": {
            "precision": 0.6428571428571429,
            "recall": 0.45,
            "f1-score": 0.5294117647058824,
            "support": 100.0
        },
        "accuracy": 0.6,
        "macro avg": {
            "precision": 0.6098901098901099,
            "recall": 0.6,
            "f1-score": 0.5907928388746804,
            "support": 200.0
        },
        "weighted avg": {
            "precision": 0.6098901098901099,
            "recall": 0.6,
            "f1-score": 0.5907928388746804,
            "support": 200.0
        }
    }
}