{
    "accuracy": 0.735,
    "f1": 0.7135135135135136,
    "f1_macro": 0.7335009428032684,
    "f1_weighted": 0.7335009428032683,
    "precision": 0.7764705882352941,
    "recall": 0.66,
    "balanced_accuracy": 0.7350000000000001,
    "roc_auc": 0.8113999999999999,
    "mcc": 0.4753784331787232,
    "cohen_kappa": 0.47,
    "num_classes": 2,
    "num_samples": 200,
    "per_class_report": {
        "0": {
            "precision": 0.7043478260869566,
            "recall": 0.81,
            "f1-score": 0.7534883720930232,
            "support": 100.0
        },
        "1": {
            "precision": 0.7764705882352941,
            "recall": 0.66,
            "f1-score": 0.7135135135135136,
            "support": 100.0
        },
        "accuracy": 0.735,
        "macro avg": {
            "precision": 0.7404092071611253,
            "recall": 0.7350000000000001,
            "f1-score": 0.7335009428032684,
            "support": 200.0
        },
        "weighted avg": {
            "precision": 0.7404092071611253,
            "recall": 0.735,
            "f1-score": 0.7335009428032683,
            "support": 200.0
        }
    }
}