{
    "accuracy": 0.725,
    "f1": 0.7393364928909952,
    "f1_macro": 0.7241656009428521,
    "f1_weighted": 0.7241656009428522,
    "precision": 0.7027027027027027,
    "recall": 0.78,
    "balanced_accuracy": 0.7250000000000001,
    "roc_auc": 0.8092,
    "mcc": 0.45274745847993053,
    "cohen_kappa": 0.44999999999999996,
    "num_classes": 2,
    "num_samples": 200,
    "per_class_report": {
        "0": {
            "precision": 0.7528089887640449,
            "recall": 0.67,
            "f1-score": 0.708994708994709,
            "support": 100.0
        },
        "1": {
            "precision": 0.7027027027027027,
            "recall": 0.78,
            "f1-score": 0.7393364928909952,
            "support": 100.0
        },
        "accuracy": 0.725,
        "macro avg": {
            "precision": 0.7277558457333738,
            "recall": 0.7250000000000001,
            "f1-score": 0.7241656009428521,
            "support": 200.0
        },
        "weighted avg": {
            "precision": 0.7277558457333738,
            "recall": 0.725,
            "f1-score": 0.7241656009428522,
            "support": 200.0
        }
    }
}