{
    "accuracy": 0.74,
    "f1": 0.7291666666666666,
    "f1_macro": 0.7395833333333333,
    "f1_weighted": 0.7395833333333333,
    "precision": 0.7608695652173914,
    "recall": 0.7,
    "balanced_accuracy": 0.74,
    "roc_auc": 0.8042,
    "mcc": 0.48154341234307674,
    "cohen_kappa": 0.48,
    "num_classes": 2,
    "num_samples": 200,
    "per_class_report": {
        "0": {
            "precision": 0.7222222222222222,
            "recall": 0.78,
            "f1-score": 0.75,
            "support": 100.0
        },
        "1": {
            "precision": 0.7608695652173914,
            "recall": 0.7,
            "f1-score": 0.7291666666666666,
            "support": 100.0
        },
        "accuracy": 0.74,
        "macro avg": {
            "precision": 0.7415458937198067,
            "recall": 0.74,
            "f1-score": 0.7395833333333333,
            "support": 200.0
        },
        "weighted avg": {
            "precision": 0.7415458937198067,
            "recall": 0.74,
            "f1-score": 0.7395833333333333,
            "support": 200.0
        }
    }
}