{
    "accuracy": 0.52,
    "f1": 0.5555555555555556,
    "f1_macro": 0.5169082125603865,
    "f1_weighted": 0.5169082125603864,
    "precision": 0.5172413793103449,
    "recall": 0.6,
    "balanced_accuracy": 0.52,
    "roc_auc": 0.5596,
    "mcc": 0.04052204492365539,
    "cohen_kappa": 0.040000000000000036,
    "num_classes": 2,
    "num_samples": 200,
    "per_class_report": {
        "0": {
            "precision": 0.5238095238095238,
            "recall": 0.44,
            "f1-score": 0.4782608695652174,
            "support": 100.0
        },
        "1": {
            "precision": 0.5172413793103449,
            "recall": 0.6,
            "f1-score": 0.5555555555555556,
            "support": 100.0
        },
        "accuracy": 0.52,
        "macro avg": {
            "precision": 0.5205254515599343,
            "recall": 0.52,
            "f1-score": 0.5169082125603865,
            "support": 200.0
        },
        "weighted avg": {
            "precision": 0.5205254515599343,
            "recall": 0.52,
            "f1-score": 0.5169082125603864,
            "support": 200.0
        }
    }
}