{
    "accuracy": 0.57,
    "f1": 0.4625,
    "f1_macro": 0.5520833333333334,
    "f1_weighted": 0.5520833333333334,
    "precision": 0.6166666666666667,
    "recall": 0.37,
    "balanced_accuracy": 0.5700000000000001,
    "roc_auc": 0.5367000000000001,
    "mcc": 0.15275252316519466,
    "cohen_kappa": 0.14,
    "num_classes": 2,
    "num_samples": 200,
    "per_class_report": {
        "0": {
            "precision": 0.55,
            "recall": 0.77,
            "f1-score": 0.6416666666666667,
            "support": 100.0
        },
        "1": {
            "precision": 0.6166666666666667,
            "recall": 0.37,
            "f1-score": 0.4625,
            "support": 100.0
        },
        "accuracy": 0.57,
        "macro avg": {
            "precision": 0.5833333333333334,
            "recall": 0.5700000000000001,
            "f1-score": 0.5520833333333334,
            "support": 200.0
        },
        "weighted avg": {
            "precision": 0.5833333333333335,
            "recall": 0.57,
            "f1-score": 0.5520833333333334,
            "support": 200.0
        }
    }
}