{
    "accuracy": 0.55,
    "f1": 0.5408163265306123,
    "f1_macro": 0.5498199279711885,
    "f1_weighted": 0.5498199279711885,
    "precision": 0.5520833333333334,
    "recall": 0.53,
    "balanced_accuracy": 0.55,
    "roc_auc": 0.5809,
    "mcc": 0.10008009612817945,
    "cohen_kappa": 0.09999999999999998,
    "num_classes": 2,
    "num_samples": 200,
    "per_class_report": {
        "0": {
            "precision": 0.5480769230769231,
            "recall": 0.57,
            "f1-score": 0.5588235294117647,
            "support": 100.0
        },
        "1": {
            "precision": 0.5520833333333334,
            "recall": 0.53,
            "f1-score": 0.5408163265306123,
            "support": 100.0
        },
        "accuracy": 0.55,
        "macro avg": {
            "precision": 0.5500801282051282,
            "recall": 0.55,
            "f1-score": 0.5498199279711885,
            "support": 200.0
        },
        "weighted avg": {
            "precision": 0.5500801282051282,
            "recall": 0.55,
            "f1-score": 0.5498199279711885,
            "support": 200.0
        }
    }
}