{
    "accuracy": 0.58,
    "f1": 0.5434782608695652,
    "f1_macro": 0.5772946859903382,
    "f1_weighted": 0.5772946859903382,
    "precision": 0.5952380952380952,
    "recall": 0.5,
    "balanced_accuracy": 0.5800000000000001,
    "roc_auc": 0.6058999999999999,
    "mcc": 0.16208817969462155,
    "cohen_kappa": 0.16000000000000003,
    "num_classes": 2,
    "num_samples": 200,
    "per_class_report": {
        "0": {
            "precision": 0.5689655172413793,
            "recall": 0.66,
            "f1-score": 0.6111111111111112,
            "support": 100.0
        },
        "1": {
            "precision": 0.5952380952380952,
            "recall": 0.5,
            "f1-score": 0.5434782608695652,
            "support": 100.0
        },
        "accuracy": 0.58,
        "macro avg": {
            "precision": 0.5821018062397373,
            "recall": 0.5800000000000001,
            "f1-score": 0.5772946859903382,
            "support": 200.0
        },
        "weighted avg": {
            "precision": 0.5821018062397373,
            "recall": 0.58,
            "f1-score": 0.5772946859903382,
            "support": 200.0
        }
    }
}