{
    "accuracy": 0.51,
    "f1": 0.5,
    "f1_macro": 0.5098039215686274,
    "f1_weighted": 0.5098039215686275,
    "precision": 0.5104166666666666,
    "recall": 0.49,
    "balanced_accuracy": 0.51,
    "roc_auc": 0.5241,
    "mcc": 0.02001601922563589,
    "cohen_kappa": 0.020000000000000018,
    "num_classes": 2,
    "num_samples": 200,
    "per_class_report": {
        "0": {
            "precision": 0.5096153846153846,
            "recall": 0.53,
            "f1-score": 0.5196078431372549,
            "support": 100.0
        },
        "1": {
            "precision": 0.5104166666666666,
            "recall": 0.49,
            "f1-score": 0.5,
            "support": 100.0
        },
        "accuracy": 0.51,
        "macro avg": {
            "precision": 0.5100160256410255,
            "recall": 0.51,
            "f1-score": 0.5098039215686274,
            "support": 200.0
        },
        "weighted avg": {
            "precision": 0.5100160256410257,
            "recall": 0.51,
            "f1-score": 0.5098039215686275,
            "support": 200.0
        }
    }
}