{
    "accuracy": 0.751412429378531,
    "f1": 0.6292946508093041,
    "f1_macro": 0.6292946508093041,
    "f1_weighted": 0.7173350099481144,
    "precision": 0.6936446667629464,
    "recall": 0.6310598539108332,
    "balanced_accuracy": 0.6310598539108332,
    "roc_auc": 0.8637694444225056,
    "mcc": 0.5866576819075365,
    "cohen_kappa": 0.5677857176155624,
    "num_classes": 3,
    "num_samples": 885,
    "per_class_report": {
        "0": {
            "precision": 0.7912087912087912,
            "recall": 0.7605633802816901,
            "f1-score": 0.7755834829443446,
            "support": 284.0
        },
        "1": {
            "precision": 0.5370370370370371,
            "recall": 0.18238993710691823,
            "f1-score": 0.27230046948356806,
            "support": 159.0
        },
        "2": {
            "precision": 0.7526881720430108,
            "recall": 0.9502262443438914,
            "f1-score": 0.84,
            "support": 442.0
        },
        "accuracy": 0.751412429378531,
        "macro avg": {
            "precision": 0.6936446667629464,
            "recall": 0.6310598539108332,
            "f1-score": 0.6292946508093041,
            "support": 885.0
        },
        "weighted avg": {
            "precision": 0.7263054888533292,
            "recall": 0.751412429378531,
            "f1-score": 0.7173350099481144,
            "support": 885.0
        }
    }
}