{
    "accuracy": 0.5818405159176988,
    "f1": 0.3526061242268217,
    "f1_macro": 0.3526061242268217,
    "f1_weighted": 0.4923172403046345,
    "precision": 0.4722559843237648,
    "recall": 0.39887021531329,
    "balanced_accuracy": 0.39887021531329,
    "roc_auc": 0.7716423190577874,
    "mcc": 0.3130487109228828,
    "cohen_kappa": 0.265630579638816,
    "num_classes": 4,
    "num_samples": 9769,
    "per_class_report": {
        "0": {
            "precision": 0.600925925925926,
            "recall": 0.9187057633973711,
            "f1-score": 0.7265893642542983,
            "support": 4945.0
        },
        "1": {
            "precision": 0.8120300751879699,
            "recall": 0.08685162846803378,
            "f1-score": 0.1569197239375227,
            "support": 2487.0
        },
        "2": {
            "precision": 0.47606793618116316,
            "recall": 0.5899234693877551,
            "f1-score": 0.5269154087154657,
            "support": 1568.0
        },
        "3": {
            "precision": 0.0,
            "recall": 0.0,
            "f1-score": 0.0,
            "support": 769.0
        },
        "accuracy": 0.5818405159176988,
        "macro avg": {
            "precision": 0.4722559843237648,
            "recall": 0.39887021531329,
            "f1-score": 0.3526061242268217,
            "support": 9769.0
        },
        "weighted avg": {
            "precision": 0.5873243960106714,
            "recall": 0.5818405159176988,
            "f1-score": 0.4923172403046345,
            "support": 9769.0
        }
    }
}