{
    "accuracy": 0.8369565217391305,
    "f1": 0.8557692307692307,
    "f1_macro": 0.8341346153846154,
    "f1_weighted": 0.8364862040133779,
    "precision": 0.839622641509434,
    "recall": 0.8725490196078431,
    "balanced_accuracy": 0.8326159732185557,
    "roc_auc": 0.9145145863223338,
    "mcc": 0.6690828147629693,
    "cohen_kappa": 0.6684286400768862,
    "num_classes": 2,
    "num_samples": 184,
    "per_class_report": {
        "0": {
            "precision": 0.8333333333333334,
            "recall": 0.7926829268292683,
            "f1-score": 0.8125,
            "support": 82.0
        },
        "1": {
            "precision": 0.839622641509434,
            "recall": 0.8725490196078431,
            "f1-score": 0.8557692307692307,
            "support": 102.0
        },
        "accuracy": 0.8369565217391305,
        "macro avg": {
            "precision": 0.8364779874213837,
            "recall": 0.8326159732185557,
            "f1-score": 0.8341346153846154,
            "support": 184.0
        },
        "weighted avg": {
            "precision": 0.8368197976483458,
            "recall": 0.8369565217391305,
            "f1-score": 0.8364862040133779,
            "support": 184.0
        }
    }
}