{
    "accuracy": 0.6055312954876274,
    "f1": 0.5995538939394109,
    "f1_macro": 0.5995538939394109,
    "f1_weighted": 0.599553893939411,
    "precision": 0.6049168630832962,
    "recall": 0.6055312954876274,
    "balanced_accuracy": 0.6055312954876274,
    "roc_auc": 0.7833181416576088,
    "mcc": 0.4121682952114037,
    "cohen_kappa": 0.40829694323144106,
    "num_classes": 3,
    "num_samples": 3435,
    "per_class_report": {
        "0": {
            "precision": 0.6259489302967564,
            "recall": 0.7921397379912664,
            "f1-score": 0.6993060909791827,
            "support": 1145.0
        },
        "1": {
            "precision": 0.5368620037807184,
            "recall": 0.4960698689956332,
            "f1-score": 0.5156604630049932,
            "support": 1145.0
        },
        "2": {
            "precision": 0.6519396551724138,
            "recall": 0.5283842794759825,
            "f1-score": 0.583695127834057,
            "support": 1145.0
        },
        "accuracy": 0.6055312954876274,
        "macro avg": {
            "precision": 0.6049168630832962,
            "recall": 0.6055312954876274,
            "f1-score": 0.5995538939394109,
            "support": 3435.0
        },
        "weighted avg": {
            "precision": 0.6049168630832962,
            "recall": 0.6055312954876274,
            "f1-score": 0.599553893939411,
            "support": 3435.0
        }
    }
}