{
    "accuracy": 0.9844594594594595,
    "f1": 0.9847581179589132,
    "f1_macro": 0.9844534904060589,
    "f1_weighted": 0.9844563720180455,
    "precision": 0.9750656167979003,
    "recall": 0.9946452476572959,
    "balanced_accuracy": 0.9843621872665742,
    "roc_auc": 0.9988384643622237,
    "mcc": 0.9691094038282975,
    "cohen_kappa": 0.9689101756154945,
    "num_classes": 2,
    "num_samples": 1480,
    "per_class_report": {
        "0": {
            "precision": 0.9944289693593314,
            "recall": 0.9740791268758526,
            "f1-score": 0.9841488628532047,
            "support": 733.0
        },
        "1": {
            "precision": 0.9750656167979003,
            "recall": 0.9946452476572959,
            "f1-score": 0.9847581179589132,
            "support": 747.0
        },
        "accuracy": 0.9844594594594595,
        "macro avg": {
            "precision": 0.9847472930786159,
            "recall": 0.9843621872665742,
            "f1-score": 0.9844534904060589,
            "support": 1480.0
        },
        "weighted avg": {
            "precision": 0.9846557096543388,
            "recall": 0.9844594594594595,
            "f1-score": 0.9844563720180455,
            "support": 1480.0
        }
    }
}