{
    "accuracy": 0.8390243902439024,
    "f1": 0.8374384236453202,
    "f1_macro": 0.8390090668951238,
    "f1_weighted": 0.8390167285695131,
    "precision": 0.8415841584158416,
    "recall": 0.8333333333333334,
    "balanced_accuracy": 0.8389967637540453,
    "roc_auc": 0.9287074052922139,
    "mcc": 0.6780580706590301,
    "cohen_kappa": 0.678025796011613,
    "num_classes": 2,
    "num_samples": 205,
    "per_class_report": {
        "0": {
            "precision": 0.8365384615384616,
            "recall": 0.8446601941747572,
            "f1-score": 0.8405797101449275,
            "support": 103.0
        },
        "1": {
            "precision": 0.8415841584158416,
            "recall": 0.8333333333333334,
            "f1-score": 0.8374384236453202,
            "support": 102.0
        },
        "accuracy": 0.8390243902439024,
        "macro avg": {
            "precision": 0.8390613099771516,
            "recall": 0.8389967637540453,
            "f1-score": 0.8390090668951238,
            "support": 205.0
        },
        "weighted avg": {
            "precision": 0.8390490033994019,
            "recall": 0.8390243902439024,
            "f1-score": 0.8390167285695131,
            "support": 205.0
        }
    },
    "dataset": "06_friedman1",
    "method": "ours"
}