{
    "accuracy": 0.8731707317073171,
    "f1": 0.8686868686868687,
    "f1_macro": 0.8730226796264533,
    "f1_weighted": 0.8730438299237194,
    "precision": 0.8958333333333334,
    "recall": 0.8431372549019608,
    "balanced_accuracy": 0.8730249381305921,
    "roc_auc": 0.9369883875880448,
    "mcc": 0.7475456100078234,
    "cohen_kappa": 0.7462629724840522,
    "num_classes": 2,
    "num_samples": 205,
    "per_class_report": {
        "0": {
            "precision": 0.8532110091743119,
            "recall": 0.9029126213592233,
            "f1-score": 0.8773584905660378,
            "support": 103.0
        },
        "1": {
            "precision": 0.8958333333333334,
            "recall": 0.8431372549019608,
            "f1-score": 0.8686868686868687,
            "support": 102.0
        },
        "accuracy": 0.8731707317073171,
        "macro avg": {
            "precision": 0.8745221712538227,
            "recall": 0.8730249381305921,
            "f1-score": 0.8730226796264533,
            "support": 205.0
        },
        "weighted avg": {
            "precision": 0.8744182143656299,
            "recall": 0.8731707317073171,
            "f1-score": 0.8730438299237194,
            "support": 205.0
        }
    },
    "dataset": "07_friedman2",
    "method": "ours"
}