{
    "accuracy": 0.7170731707317073,
    "f1": 0.7238095238095238,
    "f1_macro": 0.7169047619047619,
    "f1_weighted": 0.7168710801393727,
    "precision": 0.7037037037037037,
    "recall": 0.7450980392156863,
    "balanced_accuracy": 0.7172092137826005,
    "roc_auc": 0.8263849229011994,
    "mcc": 0.43504000239671714,
    "cohen_kappa": 0.4342944143115425,
    "num_classes": 2,
    "num_samples": 205,
    "per_class_report": {
        "0": {
            "precision": 0.7319587628865979,
            "recall": 0.6893203883495146,
            "f1-score": 0.71,
            "support": 103.0
        },
        "1": {
            "precision": 0.7037037037037037,
            "recall": 0.7450980392156863,
            "f1-score": 0.7238095238095238,
            "support": 102.0
        },
        "accuracy": 0.7170731707317073,
        "macro avg": {
            "precision": 0.7178312332951509,
            "recall": 0.7172092137826005,
            "f1-score": 0.7169047619047619,
            "support": 205.0
        },
        "weighted avg": {
            "precision": 0.7179001480736458,
            "recall": 0.7170731707317073,
            "f1-score": 0.7168710801393727,
            "support": 205.0
        }
    },
    "dataset": "08_friedman3",
    "method": "ours"
}