{
    "accuracy": 0.4,
    "f1": 0.0,
    "f1_macro": 0.2857142857142857,
    "f1_weighted": 0.2857142857142857,
    "precision": 0.0,
    "recall": 0.0,
    "balanced_accuracy": 0.4,
    "roc_auc": 0.24,
    "mcc": -0.3333333333333333,
    "cohen_kappa": -0.19999999999999996,
    "num_classes": 2,
    "num_samples": 10,
    "per_class_report": {
        "0": {
            "precision": 0.4444444444444444,
            "recall": 0.8,
            "f1-score": 0.5714285714285714,
            "support": 5.0
        },
        "1": {
            "precision": 0.0,
            "recall": 0.0,
            "f1-score": 0.0,
            "support": 5.0
        },
        "accuracy": 0.4,
        "macro avg": {
            "precision": 0.2222222222222222,
            "recall": 0.4,
            "f1-score": 0.2857142857142857,
            "support": 10.0
        },
        "weighted avg": {
            "precision": 0.22222222222222224,
            "recall": 0.4,
            "f1-score": 0.2857142857142857,
            "support": 10.0
        }
    },
    "dataset": "13_rotated_rastrigin_50d",
    "method": "ours"
}