{
    "accuracy": 0.655,
    "f1": 0.591715976331361,
    "f1_macro": 0.6465073388150311,
    "f1_weighted": 0.6465073388150312,
    "precision": 0.7246376811594203,
    "recall": 0.5,
    "balanced_accuracy": 0.655,
    "roc_auc": 0.763,
    "mcc": 0.3260629854374725,
    "cohen_kappa": 0.31000000000000005,
    "num_classes": 2,
    "num_samples": 200,
    "per_class_report": {
        "0": {
            "precision": 0.6183206106870229,
            "recall": 0.81,
            "f1-score": 0.7012987012987013,
            "support": 100.0
        },
        "1": {
            "precision": 0.7246376811594203,
            "recall": 0.5,
            "f1-score": 0.591715976331361,
            "support": 100.0
        },
        "accuracy": 0.655,
        "macro avg": {
            "precision": 0.6714791459232217,
            "recall": 0.655,
            "f1-score": 0.6465073388150311,
            "support": 200.0
        },
        "weighted avg": {
            "precision": 0.6714791459232217,
            "recall": 0.655,
            "f1-score": 0.6465073388150312,
            "support": 200.0
        }
    },
    "dataset": "digen11_7270",
    "method": "ours"
}