{
    "accuracy": 0.585,
    "f1": 0.6311111111111111,
    "f1_macro": 0.5784126984126984,
    "f1_weighted": 0.5784126984126984,
    "precision": 0.568,
    "recall": 0.71,
    "balanced_accuracy": 0.585,
    "roc_auc": 0.6332,
    "mcc": 0.17557524502806957,
    "cohen_kappa": 0.17000000000000004,
    "num_classes": 2,
    "num_samples": 200,
    "per_class_report": {
        "0": {
            "precision": 0.6133333333333333,
            "recall": 0.46,
            "f1-score": 0.5257142857142857,
            "support": 100.0
        },
        "1": {
            "precision": 0.568,
            "recall": 0.71,
            "f1-score": 0.6311111111111111,
            "support": 100.0
        },
        "accuracy": 0.585,
        "macro avg": {
            "precision": 0.5906666666666667,
            "recall": 0.585,
            "f1-score": 0.5784126984126984,
            "support": 200.0
        },
        "weighted avg": {
            "precision": 0.5906666666666667,
            "recall": 0.585,
            "f1-score": 0.5784126984126984,
            "support": 200.0
        }
    },
    "dataset": "digen21_6265",
    "method": "ours"
}