{
    "accuracy": 0.58,
    "f1": 0.4246575342465753,
    "f1_macro": 0.5469744364146263,
    "f1_weighted": 0.5469744364146263,
    "precision": 0.6739130434782609,
    "recall": 0.31,
    "balanced_accuracy": 0.58,
    "roc_auc": 0.6638,
    "mcc": 0.19009938260870302,
    "cohen_kappa": 0.16000000000000003,
    "num_classes": 2,
    "num_samples": 200,
    "per_class_report": {
        "0": {
            "precision": 0.551948051948052,
            "recall": 0.85,
            "f1-score": 0.6692913385826772,
            "support": 100.0
        },
        "1": {
            "precision": 0.6739130434782609,
            "recall": 0.31,
            "f1-score": 0.4246575342465753,
            "support": 100.0
        },
        "accuracy": 0.58,
        "macro avg": {
            "precision": 0.6129305477131564,
            "recall": 0.58,
            "f1-score": 0.5469744364146263,
            "support": 200.0
        },
        "weighted avg": {
            "precision": 0.6129305477131565,
            "recall": 0.58,
            "f1-score": 0.5469744364146263,
            "support": 200.0
        }
    },
    "dataset": "digen18_5578",
    "method": "ours"
}