{
    "accuracy": 0.51,
    "f1": 0.5504587155963303,
    "f1_macro": 0.5059985885673959,
    "f1_weighted": 0.5059985885673959,
    "precision": 0.5084745762711864,
    "recall": 0.6,
    "balanced_accuracy": 0.51,
    "roc_auc": 0.5226000000000001,
    "mcc": 0.020332091984056118,
    "cohen_kappa": 0.020000000000000018,
    "num_classes": 2,
    "num_samples": 200,
    "per_class_report": {
        "0": {
            "precision": 0.5121951219512195,
            "recall": 0.42,
            "f1-score": 0.46153846153846156,
            "support": 100.0
        },
        "1": {
            "precision": 0.5084745762711864,
            "recall": 0.6,
            "f1-score": 0.5504587155963303,
            "support": 100.0
        },
        "accuracy": 0.51,
        "macro avg": {
            "precision": 0.510334849111203,
            "recall": 0.51,
            "f1-score": 0.5059985885673959,
            "support": 200.0
        },
        "weighted avg": {
            "precision": 0.510334849111203,
            "recall": 0.51,
            "f1-score": 0.5059985885673959,
            "support": 200.0
        }
    },
    "dataset": "digen34_769",
    "method": "ours"
}