{
    "accuracy": 0.505,
    "f1": 0.5857740585774058,
    "f1_macro": 0.4854336131396346,
    "f1_weighted": 0.48543361313963457,
    "precision": 0.5035971223021583,
    "recall": 0.7,
    "balanced_accuracy": 0.505,
    "roc_auc": 0.5026999999999999,
    "mcc": 0.0108599464149846,
    "cohen_kappa": 0.010000000000000009,
    "num_classes": 2,
    "num_samples": 200,
    "per_class_report": {
        "0": {
            "precision": 0.5081967213114754,
            "recall": 0.31,
            "f1-score": 0.38509316770186336,
            "support": 100.0
        },
        "1": {
            "precision": 0.5035971223021583,
            "recall": 0.7,
            "f1-score": 0.5857740585774058,
            "support": 100.0
        },
        "accuracy": 0.505,
        "macro avg": {
            "precision": 0.5058969218068168,
            "recall": 0.505,
            "f1-score": 0.4854336131396346,
            "support": 200.0
        },
        "weighted avg": {
            "precision": 0.5058969218068168,
            "recall": 0.505,
            "f1-score": 0.48543361313963457,
            "support": 200.0
        }
    },
    "dataset": "digen22_2433",
    "method": "ours"
}