{
    "accuracy": 0.82,
    "f1": 0.8252427184466019,
    "f1_macro": 0.8198378540686617,
    "f1_weighted": 0.8198378540686617,
    "precision": 0.8018867924528302,
    "recall": 0.85,
    "balanced_accuracy": 0.8200000000000001,
    "roc_auc": 0.9142,
    "mcc": 0.6411551197606888,
    "cohen_kappa": 0.64,
    "num_classes": 2,
    "num_samples": 200,
    "per_class_report": {
        "0": {
            "precision": 0.8404255319148937,
            "recall": 0.79,
            "f1-score": 0.8144329896907216,
            "support": 100.0
        },
        "1": {
            "precision": 0.8018867924528302,
            "recall": 0.85,
            "f1-score": 0.8252427184466019,
            "support": 100.0
        },
        "accuracy": 0.82,
        "macro avg": {
            "precision": 0.8211561621838619,
            "recall": 0.8200000000000001,
            "f1-score": 0.8198378540686617,
            "support": 200.0
        },
        "weighted avg": {
            "precision": 0.8211561621838619,
            "recall": 0.82,
            "f1-score": 0.8198378540686617,
            "support": 200.0
        }
    },
    "dataset": "digen16_5390",
    "method": "ours"
}