{
    "accuracy": 0.825,
    "f1": 0.8128342245989305,
    "f1_macro": 0.8242574878863197,
    "f1_weighted": 0.8242574878863196,
    "precision": 0.8735632183908046,
    "recall": 0.76,
    "balanced_accuracy": 0.825,
    "roc_auc": 0.9152,
    "mcc": 0.6555631126054076,
    "cohen_kappa": 0.65,
    "num_classes": 2,
    "num_samples": 200,
    "per_class_report": {
        "0": {
            "precision": 0.7876106194690266,
            "recall": 0.89,
            "f1-score": 0.8356807511737089,
            "support": 100.0
        },
        "1": {
            "precision": 0.8735632183908046,
            "recall": 0.76,
            "f1-score": 0.8128342245989305,
            "support": 100.0
        },
        "accuracy": 0.825,
        "macro avg": {
            "precision": 0.8305869189299155,
            "recall": 0.825,
            "f1-score": 0.8242574878863197,
            "support": 200.0
        },
        "weighted avg": {
            "precision": 0.8305869189299157,
            "recall": 0.825,
            "f1-score": 0.8242574878863196,
            "support": 200.0
        }
    },
    "dataset": "digen13_769",
    "method": "ours"
}