{
    "accuracy": 0.59,
    "f1": 0.5232558139534884,
    "f1_macro": 0.5818033455732354,
    "f1_weighted": 0.5818033455732354,
    "precision": 0.625,
    "recall": 0.45,
    "balanced_accuracy": 0.59,
    "roc_auc": 0.6411000000000001,
    "mcc": 0.1875,
    "cohen_kappa": 0.18000000000000005,
    "num_classes": 2,
    "num_samples": 200,
    "per_class_report": {
        "0": {
            "precision": 0.5703125,
            "recall": 0.73,
            "f1-score": 0.6403508771929824,
            "support": 100.0
        },
        "1": {
            "precision": 0.625,
            "recall": 0.45,
            "f1-score": 0.5232558139534884,
            "support": 100.0
        },
        "accuracy": 0.59,
        "macro avg": {
            "precision": 0.59765625,
            "recall": 0.59,
            "f1-score": 0.5818033455732354,
            "support": 200.0
        },
        "weighted avg": {
            "precision": 0.59765625,
            "recall": 0.59,
            "f1-score": 0.5818033455732354,
            "support": 200.0
        }
    },
    "dataset": "digen8_4426",
    "method": "ours"
}