{
    "accuracy": 0.675,
    "f1": 0.6486486486486487,
    "f1_macro": 0.6731615336266499,
    "f1_weighted": 0.6731615336266499,
    "precision": 0.7058823529411765,
    "recall": 0.6,
    "balanced_accuracy": 0.675,
    "roc_auc": 0.7187000000000001,
    "mcc": 0.35400521619692155,
    "cohen_kappa": 0.35,
    "num_classes": 2,
    "num_samples": 200,
    "per_class_report": {
        "0": {
            "precision": 0.6521739130434783,
            "recall": 0.75,
            "f1-score": 0.6976744186046512,
            "support": 100.0
        },
        "1": {
            "precision": 0.7058823529411765,
            "recall": 0.6,
            "f1-score": 0.6486486486486487,
            "support": 100.0
        },
        "accuracy": 0.675,
        "macro avg": {
            "precision": 0.6790281329923273,
            "recall": 0.675,
            "f1-score": 0.6731615336266499,
            "support": 200.0
        },
        "weighted avg": {
            "precision": 0.6790281329923274,
            "recall": 0.675,
            "f1-score": 0.6731615336266499,
            "support": 200.0
        }
    },
    "dataset": "digen32_5191",
    "method": "ours"
}