{
    "accuracy": 0.76,
    "f1": 0.7857142857142857,
    "f1_macro": 0.7564935064935066,
    "f1_weighted": 0.7564935064935066,
    "precision": 0.7096774193548387,
    "recall": 0.88,
    "balanced_accuracy": 0.76,
    "roc_auc": 0.8740999999999999,
    "mcc": 0.5356556682297139,
    "cohen_kappa": 0.52,
    "num_classes": 2,
    "num_samples": 200,
    "per_class_report": {
        "0": {
            "precision": 0.8421052631578947,
            "recall": 0.64,
            "f1-score": 0.7272727272727273,
            "support": 100.0
        },
        "1": {
            "precision": 0.7096774193548387,
            "recall": 0.88,
            "f1-score": 0.7857142857142857,
            "support": 100.0
        },
        "accuracy": 0.76,
        "macro avg": {
            "precision": 0.7758913412563667,
            "recall": 0.76,
            "f1-score": 0.7564935064935066,
            "support": 200.0
        },
        "weighted avg": {
            "precision": 0.7758913412563666,
            "recall": 0.76,
            "f1-score": 0.7564935064935066,
            "support": 200.0
        }
    },
    "dataset": "digen36_466",
    "method": "ours"
}