{
    "accuracy": 0.505,
    "f1": 0.5074626865671642,
    "f1_macro": 0.5049876246906173,
    "f1_weighted": 0.5049876246906172,
    "precision": 0.504950495049505,
    "recall": 0.51,
    "balanced_accuracy": 0.505,
    "roc_auc": 0.4838,
    "mcc": 0.010000500037503125,
    "cohen_kappa": 0.010000000000000009,
    "num_classes": 2,
    "num_samples": 200,
    "per_class_report": {
        "0": {
            "precision": 0.5050505050505051,
            "recall": 0.5,
            "f1-score": 0.5025125628140703,
            "support": 100.0
        },
        "1": {
            "precision": 0.504950495049505,
            "recall": 0.51,
            "f1-score": 0.5074626865671642,
            "support": 100.0
        },
        "accuracy": 0.505,
        "macro avg": {
            "precision": 0.5050005000500051,
            "recall": 0.505,
            "f1-score": 0.5049876246906173,
            "support": 200.0
        },
        "weighted avg": {
            "precision": 0.5050005000500051,
            "recall": 0.505,
            "f1-score": 0.5049876246906172,
            "support": 200.0
        }
    },
    "dataset": "digen23_5191",
    "method": "ours"
}