{
    "accuracy": 0.815,
    "f1": 0.8082901554404145,
    "f1_macro": 0.8147730970438787,
    "f1_weighted": 0.8147730970438788,
    "precision": 0.8387096774193549,
    "recall": 0.78,
    "balanced_accuracy": 0.815,
    "roc_auc": 0.9092,
    "mcc": 0.6315491956243945,
    "cohen_kappa": 0.63,
    "num_classes": 2,
    "num_samples": 200,
    "per_class_report": {
        "0": {
            "precision": 0.794392523364486,
            "recall": 0.85,
            "f1-score": 0.821256038647343,
            "support": 100.0
        },
        "1": {
            "precision": 0.8387096774193549,
            "recall": 0.78,
            "f1-score": 0.8082901554404145,
            "support": 100.0
        },
        "accuracy": 0.815,
        "macro avg": {
            "precision": 0.8165511003919204,
            "recall": 0.815,
            "f1-score": 0.8147730970438787,
            "support": 200.0
        },
        "weighted avg": {
            "precision": 0.8165511003919204,
            "recall": 0.815,
            "f1-score": 0.8147730970438788,
            "support": 200.0
        }
    },
    "dataset": "digen19_7270",
    "method": "ours"
}