{
    "accuracy": 0.535,
    "f1": 0.4685714285714286,
    "f1_macro": 0.5276190476190477,
    "f1_weighted": 0.5276190476190475,
    "precision": 0.5466666666666666,
    "recall": 0.41,
    "balanced_accuracy": 0.535,
    "roc_auc": 0.5378,
    "mcc": 0.07229568912920512,
    "cohen_kappa": 0.06999999999999995,
    "num_classes": 2,
    "num_samples": 200,
    "per_class_report": {
        "0": {
            "precision": 0.528,
            "recall": 0.66,
            "f1-score": 0.5866666666666667,
            "support": 100.0
        },
        "1": {
            "precision": 0.5466666666666666,
            "recall": 0.41,
            "f1-score": 0.4685714285714286,
            "support": 100.0
        },
        "accuracy": 0.535,
        "macro avg": {
            "precision": 0.5373333333333333,
            "recall": 0.535,
            "f1-score": 0.5276190476190477,
            "support": 200.0
        },
        "weighted avg": {
            "precision": 0.5373333333333333,
            "recall": 0.535,
            "f1-score": 0.5276190476190475,
            "support": 200.0
        }
    },
    "dataset": "digen28_769",
    "method": "ours"
}