{
    "accuracy": 0.5,
    "f1": 0.5145631067961165,
    "f1_macro": 0.4995495946351717,
    "f1_weighted": 0.4995495946351716,
    "precision": 0.5,
    "recall": 0.53,
    "balanced_accuracy": 0.5,
    "roc_auc": 0.5531,
    "mcc": 0.0,
    "cohen_kappa": 0.0,
    "num_classes": 2,
    "num_samples": 200,
    "per_class_report": {
        "0": {
            "precision": 0.5,
            "recall": 0.47,
            "f1-score": 0.4845360824742268,
            "support": 100.0
        },
        "1": {
            "precision": 0.5,
            "recall": 0.53,
            "f1-score": 0.5145631067961165,
            "support": 100.0
        },
        "accuracy": 0.5,
        "macro avg": {
            "precision": 0.5,
            "recall": 0.5,
            "f1-score": 0.4995495946351717,
            "support": 200.0
        },
        "weighted avg": {
            "precision": 0.5,
            "recall": 0.5,
            "f1-score": 0.4995495946351716,
            "support": 200.0
        }
    },
    "dataset": "digen27_860",
    "method": "ours"
}