{
    "accuracy": 0.505,
    "f1": 0.5959183673469388,
    "f1_macro": 0.478604344963792,
    "f1_weighted": 0.478604344963792,
    "precision": 0.503448275862069,
    "recall": 0.73,
    "balanced_accuracy": 0.505,
    "roc_auc": 0.465,
    "mcc": 0.011197850219117086,
    "cohen_kappa": 0.010000000000000009,
    "num_classes": 2,
    "num_samples": 200,
    "per_class_report": {
        "0": {
            "precision": 0.509090909090909,
            "recall": 0.28,
            "f1-score": 0.36129032258064514,
            "support": 100.0
        },
        "1": {
            "precision": 0.503448275862069,
            "recall": 0.73,
            "f1-score": 0.5959183673469388,
            "support": 100.0
        },
        "accuracy": 0.505,
        "macro avg": {
            "precision": 0.5062695924764891,
            "recall": 0.505,
            "f1-score": 0.478604344963792,
            "support": 200.0
        },
        "weighted avg": {
            "precision": 0.506269592476489,
            "recall": 0.505,
            "f1-score": 0.478604344963792,
            "support": 200.0
        }
    },
    "dataset": "digen4_860",
    "method": "ours"
}