{
    "accuracy": 0.59,
    "f1": 0.5287356321839081,
    "f1_macro": 0.5829518868884143,
    "f1_weighted": 0.5829518868884143,
    "precision": 0.6216216216216216,
    "recall": 0.46,
    "balanced_accuracy": 0.59,
    "roc_auc": 0.624,
    "mcc": 0.18641092980036,
    "cohen_kappa": 0.18000000000000005,
    "num_classes": 2,
    "num_samples": 200,
    "per_class_report": {
        "0": {
            "precision": 0.5714285714285714,
            "recall": 0.72,
            "f1-score": 0.6371681415929203,
            "support": 100.0
        },
        "1": {
            "precision": 0.6216216216216216,
            "recall": 0.46,
            "f1-score": 0.5287356321839081,
            "support": 100.0
        },
        "accuracy": 0.59,
        "macro avg": {
            "precision": 0.5965250965250966,
            "recall": 0.59,
            "f1-score": 0.5829518868884143,
            "support": 200.0
        },
        "weighted avg": {
            "precision": 0.5965250965250966,
            "recall": 0.59,
            "f1-score": 0.5829518868884143,
            "support": 200.0
        }
    },
    "dataset": "digen35_4426",
    "method": "ours"
}