{
    "accuracy": 0.56,
    "f1": 0.5,
    "f1_macro": 0.5535714285714286,
    "f1_weighted": 0.5535714285714285,
    "precision": 0.5789473684210527,
    "recall": 0.44,
    "balanced_accuracy": 0.56,
    "roc_auc": 0.5727,
    "mcc": 0.12361284651454937,
    "cohen_kappa": 0.12,
    "num_classes": 2,
    "num_samples": 200,
    "per_class_report": {
        "0": {
            "precision": 0.5483870967741935,
            "recall": 0.68,
            "f1-score": 0.6071428571428571,
            "support": 100.0
        },
        "1": {
            "precision": 0.5789473684210527,
            "recall": 0.44,
            "f1-score": 0.5,
            "support": 100.0
        },
        "accuracy": 0.56,
        "macro avg": {
            "precision": 0.5636672325976231,
            "recall": 0.56,
            "f1-score": 0.5535714285714286,
            "support": 200.0
        },
        "weighted avg": {
            "precision": 0.5636672325976231,
            "recall": 0.56,
            "f1-score": 0.5535714285714285,
            "support": 200.0
        }
    },
    "dataset": "digen29_8322",
    "method": "ours"
}