{
    "accuracy": 0.67,
    "f1": 0.625,
    "f1_macro": 0.6651785714285714,
    "f1_weighted": 0.6651785714285714,
    "precision": 0.7236842105263158,
    "recall": 0.55,
    "balanced_accuracy": 0.67,
    "roc_auc": 0.743,
    "mcc": 0.3502363984578899,
    "cohen_kappa": 0.33999999999999997,
    "num_classes": 2,
    "num_samples": 200,
    "per_class_report": {
        "0": {
            "precision": 0.6370967741935484,
            "recall": 0.79,
            "f1-score": 0.7053571428571429,
            "support": 100.0
        },
        "1": {
            "precision": 0.7236842105263158,
            "recall": 0.55,
            "f1-score": 0.625,
            "support": 100.0
        },
        "accuracy": 0.67,
        "macro avg": {
            "precision": 0.6803904923599321,
            "recall": 0.67,
            "f1-score": 0.6651785714285714,
            "support": 200.0
        },
        "weighted avg": {
            "precision": 0.680390492359932,
            "recall": 0.67,
            "f1-score": 0.6651785714285714,
            "support": 200.0
        }
    },
    "dataset": "digen9_7270",
    "method": "ours"
}