{
    "accuracy": 0.895,
    "f1": 0.8944723618090452,
    "f1_macro": 0.8949973749343734,
    "f1_weighted": 0.8949973749343734,
    "precision": 0.898989898989899,
    "recall": 0.89,
    "balanced_accuracy": 0.895,
    "roc_auc": 0.9692999999999999,
    "mcc": 0.7900395029627468,
    "cohen_kappa": 0.79,
    "num_classes": 2,
    "num_samples": 200,
    "per_class_report": {
        "0": {
            "precision": 0.8910891089108911,
            "recall": 0.9,
            "f1-score": 0.8955223880597015,
            "support": 100.0
        },
        "1": {
            "precision": 0.898989898989899,
            "recall": 0.89,
            "f1-score": 0.8944723618090452,
            "support": 100.0
        },
        "accuracy": 0.895,
        "macro avg": {
            "precision": 0.8950395039503951,
            "recall": 0.895,
            "f1-score": 0.8949973749343734,
            "support": 200.0
        },
        "weighted avg": {
            "precision": 0.8950395039503951,
            "recall": 0.895,
            "f1-score": 0.8949973749343734,
            "support": 200.0
        }
    },
    "dataset": "digen37_769",
    "method": "ours"
}