{
    "accuracy": 0.83,
    "f1": 0.826530612244898,
    "f1_macro": 0.8299319727891157,
    "f1_weighted": 0.8299319727891157,
    "precision": 0.84375,
    "recall": 0.81,
    "balanced_accuracy": 0.8300000000000001,
    "roc_auc": 0.9079,
    "mcc": 0.6605286344459844,
    "cohen_kappa": 0.6599999999999999,
    "num_classes": 2,
    "num_samples": 200,
    "per_class_report": {
        "0": {
            "precision": 0.8173076923076923,
            "recall": 0.85,
            "f1-score": 0.8333333333333334,
            "support": 100.0
        },
        "1": {
            "precision": 0.84375,
            "recall": 0.81,
            "f1-score": 0.826530612244898,
            "support": 100.0
        },
        "accuracy": 0.83,
        "macro avg": {
            "precision": 0.8305288461538461,
            "recall": 0.8300000000000001,
            "f1-score": 0.8299319727891157,
            "support": 200.0
        },
        "weighted avg": {
            "precision": 0.8305288461538461,
            "recall": 0.83,
            "f1-score": 0.8299319727891157,
            "support": 200.0
        }
    },
    "dataset": "digen31_2433",
    "method": "ours"
}