{
    "accuracy": 0.66,
    "f1": 0.5466666666666666,
    "f1_macro": 0.6373333333333333,
    "f1_weighted": 0.6373333333333333,
    "precision": 0.82,
    "recall": 0.41,
    "balanced_accuracy": 0.66,
    "roc_auc": 0.7018000000000001,
    "mcc": 0.3695041722813605,
    "cohen_kappa": 0.31999999999999995,
    "num_classes": 2,
    "num_samples": 200,
    "per_class_report": {
        "0": {
            "precision": 0.6066666666666667,
            "recall": 0.91,
            "f1-score": 0.728,
            "support": 100.0
        },
        "1": {
            "precision": 0.82,
            "recall": 0.41,
            "f1-score": 0.5466666666666666,
            "support": 100.0
        },
        "accuracy": 0.66,
        "macro avg": {
            "precision": 0.7133333333333334,
            "recall": 0.66,
            "f1-score": 0.6373333333333333,
            "support": 200.0
        },
        "weighted avg": {
            "precision": 0.7133333333333334,
            "recall": 0.66,
            "f1-score": 0.6373333333333333,
            "support": 200.0
        }
    },
    "dataset": "digen26_7270",
    "method": "ours"
}