{
    "accuracy": 0.635,
    "f1": 0.6812227074235808,
    "f1_macro": 0.6271610613141296,
    "f1_weighted": 0.6271610613141295,
    "precision": 0.6046511627906976,
    "recall": 0.78,
    "balanced_accuracy": 0.635,
    "roc_auc": 0.7048,
    "mcc": 0.28212380637319934,
    "cohen_kappa": 0.27,
    "num_classes": 2,
    "num_samples": 200,
    "per_class_report": {
        "0": {
            "precision": 0.6901408450704225,
            "recall": 0.49,
            "f1-score": 0.5730994152046783,
            "support": 100.0
        },
        "1": {
            "precision": 0.6046511627906976,
            "recall": 0.78,
            "f1-score": 0.6812227074235808,
            "support": 100.0
        },
        "accuracy": 0.635,
        "macro avg": {
            "precision": 0.6473960039305601,
            "recall": 0.635,
            "f1-score": 0.6271610613141296,
            "support": 200.0
        },
        "weighted avg": {
            "precision": 0.6473960039305601,
            "recall": 0.635,
            "f1-score": 0.6271610613141295,
            "support": 200.0
        }
    },
    "dataset": "digen12_8322",
    "method": "ours"
}