{
    "accuracy": 0.78,
    "f1": 0.7981651376146789,
    "f1_macro": 0.7782034479282185,
    "f1_weighted": 0.7782034479282186,
    "precision": 0.7372881355932204,
    "recall": 0.87,
    "balanced_accuracy": 0.78,
    "roc_auc": 0.8444999999999999,
    "mcc": 0.5692985755535713,
    "cohen_kappa": 0.56,
    "num_classes": 2,
    "num_samples": 200,
    "per_class_report": {
        "0": {
            "precision": 0.8414634146341463,
            "recall": 0.69,
            "f1-score": 0.7582417582417582,
            "support": 100.0
        },
        "1": {
            "precision": 0.7372881355932204,
            "recall": 0.87,
            "f1-score": 0.7981651376146789,
            "support": 100.0
        },
        "accuracy": 0.78,
        "macro avg": {
            "precision": 0.7893757751136834,
            "recall": 0.78,
            "f1-score": 0.7782034479282185,
            "support": 200.0
        },
        "weighted avg": {
            "precision": 0.7893757751136833,
            "recall": 0.78,
            "f1-score": 0.7782034479282186,
            "support": 200.0
        }
    },
    "dataset": "digen5_6949",
    "method": "ours"
}