{
    "accuracy": 0.645,
    "f1": 0.5590062111801242,
    "f1_macro": 0.6309675407365056,
    "f1_weighted": 0.6309675407365056,
    "precision": 0.7377049180327869,
    "recall": 0.45,
    "balanced_accuracy": 0.645,
    "roc_auc": 0.7121000000000001,
    "mcc": 0.31493844603455334,
    "cohen_kappa": 0.29000000000000004,
    "num_classes": 2,
    "num_samples": 200,
    "per_class_report": {
        "0": {
            "precision": 0.60431654676259,
            "recall": 0.84,
            "f1-score": 0.702928870292887,
            "support": 100.0
        },
        "1": {
            "precision": 0.7377049180327869,
            "recall": 0.45,
            "f1-score": 0.5590062111801242,
            "support": 100.0
        },
        "accuracy": 0.645,
        "macro avg": {
            "precision": 0.6710107323976884,
            "recall": 0.645,
            "f1-score": 0.6309675407365056,
            "support": 200.0
        },
        "weighted avg": {
            "precision": 0.6710107323976884,
            "recall": 0.645,
            "f1-score": 0.6309675407365056,
            "support": 200.0
        }
    },
    "dataset": "digen17_6949",
    "method": "ours"
}