{
    "accuracy": 0.58,
    "f1": 0.5116279069767442,
    "f1_macro": 0.5716034271725826,
    "f1_weighted": 0.5716034271725826,
    "precision": 0.6111111111111112,
    "recall": 0.44,
    "balanced_accuracy": 0.58,
    "roc_auc": 0.6392,
    "mcc": 0.16666666666666666,
    "cohen_kappa": 0.16000000000000003,
    "num_classes": 2,
    "num_samples": 200,
    "per_class_report": {
        "0": {
            "precision": 0.5625,
            "recall": 0.72,
            "f1-score": 0.631578947368421,
            "support": 100.0
        },
        "1": {
            "precision": 0.6111111111111112,
            "recall": 0.44,
            "f1-score": 0.5116279069767442,
            "support": 100.0
        },
        "accuracy": 0.58,
        "macro avg": {
            "precision": 0.5868055555555556,
            "recall": 0.58,
            "f1-score": 0.5716034271725826,
            "support": 200.0
        },
        "weighted avg": {
            "precision": 0.5868055555555556,
            "recall": 0.58,
            "f1-score": 0.5716034271725826,
            "support": 200.0
        }
    },
    "dataset": "digen7_6949",
    "method": "ours"
}