{
    "accuracy": 0.56,
    "f1": 0.5555555555555556,
    "f1_macro": 0.5599559955995599,
    "f1_weighted": 0.5599559955995599,
    "precision": 0.5612244897959183,
    "recall": 0.55,
    "balanced_accuracy": 0.56,
    "roc_auc": 0.5761,
    "mcc": 0.12002400720240085,
    "cohen_kappa": 0.12,
    "num_classes": 2,
    "num_samples": 200,
    "per_class_report": {
        "0": {
            "precision": 0.5588235294117647,
            "recall": 0.57,
            "f1-score": 0.5643564356435643,
            "support": 100.0
        },
        "1": {
            "precision": 0.5612244897959183,
            "recall": 0.55,
            "f1-score": 0.5555555555555556,
            "support": 100.0
        },
        "accuracy": 0.56,
        "macro avg": {
            "precision": 0.5600240096038416,
            "recall": 0.56,
            "f1-score": 0.5599559955995599,
            "support": 200.0
        },
        "weighted avg": {
            "precision": 0.5600240096038415,
            "recall": 0.56,
            "f1-score": 0.5599559955995599,
            "support": 200.0
        }
    },
    "dataset": "digen6_466",
    "method": "ours"
}