{
    "accuracy": 0.525,
    "f1": 0.47513812154696133,
    "f1_macro": 0.5206740836045309,
    "f1_weighted": 0.5206740836045308,
    "precision": 0.5308641975308642,
    "recall": 0.43,
    "balanced_accuracy": 0.525,
    "roc_auc": 0.5411,
    "mcc": 0.05092769427934508,
    "cohen_kappa": 0.050000000000000044,
    "num_classes": 2,
    "num_samples": 200,
    "per_class_report": {
        "0": {
            "precision": 0.5210084033613446,
            "recall": 0.62,
            "f1-score": 0.5662100456621004,
            "support": 100.0
        },
        "1": {
            "precision": 0.5308641975308642,
            "recall": 0.43,
            "f1-score": 0.47513812154696133,
            "support": 100.0
        },
        "accuracy": 0.525,
        "macro avg": {
            "precision": 0.5259363004461044,
            "recall": 0.525,
            "f1-score": 0.5206740836045309,
            "support": 200.0
        },
        "weighted avg": {
            "precision": 0.5259363004461044,
            "recall": 0.525,
            "f1-score": 0.5206740836045308,
            "support": 200.0
        }
    },
    "dataset": "digen2_6949",
    "method": "ours"
}