{
    "accuracy": 0.915,
    "f1": 0.9170731707317074,
    "f1_macro": 0.9149468417761101,
    "f1_weighted": 0.9149468417761102,
    "precision": 0.8952380952380953,
    "recall": 0.94,
    "balanced_accuracy": 0.915,
    "roc_auc": 0.9661000000000001,
    "mcc": 0.8310394493741197,
    "cohen_kappa": 0.83,
    "num_classes": 2,
    "num_samples": 200,
    "per_class_report": {
        "0": {
            "precision": 0.9368421052631579,
            "recall": 0.89,
            "f1-score": 0.9128205128205128,
            "support": 100.0
        },
        "1": {
            "precision": 0.8952380952380953,
            "recall": 0.94,
            "f1-score": 0.9170731707317074,
            "support": 100.0
        },
        "accuracy": 0.915,
        "macro avg": {
            "precision": 0.9160401002506267,
            "recall": 0.915,
            "f1-score": 0.9149468417761101,
            "support": 200.0
        },
        "weighted avg": {
            "precision": 0.9160401002506267,
            "recall": 0.915,
            "f1-score": 0.9149468417761102,
            "support": 200.0
        }
    },
    "dataset": "digen1_6265",
    "method": "ours"
}