{
    "accuracy": 0.78,
    "f1": 0.7634408602150538,
    "f1_macro": 0.7789166917897699,
    "f1_weighted": 0.7789166917897699,
    "precision": 0.8255813953488372,
    "recall": 0.71,
    "balanced_accuracy": 0.78,
    "roc_auc": 0.8708000000000001,
    "mcc": 0.5655700142727438,
    "cohen_kappa": 0.56,
    "num_classes": 2,
    "num_samples": 200,
    "per_class_report": {
        "0": {
            "precision": 0.7456140350877193,
            "recall": 0.85,
            "f1-score": 0.794392523364486,
            "support": 100.0
        },
        "1": {
            "precision": 0.8255813953488372,
            "recall": 0.71,
            "f1-score": 0.7634408602150538,
            "support": 100.0
        },
        "accuracy": 0.78,
        "macro avg": {
            "precision": 0.7855977152182783,
            "recall": 0.78,
            "f1-score": 0.7789166917897699,
            "support": 200.0
        },
        "weighted avg": {
            "precision": 0.7855977152182783,
            "recall": 0.78,
            "f1-score": 0.7789166917897699,
            "support": 200.0
        }
    },
    "dataset": "digen20_5191",
    "method": "ours"
}