{
    "accuracy": 0.575,
    "f1": 0.6046511627906976,
    "f1_macro": 0.5725958516656191,
    "f1_weighted": 0.5725958516656191,
    "precision": 0.5652173913043478,
    "recall": 0.65,
    "balanced_accuracy": 0.575,
    "roc_auc": 0.6156999999999998,
    "mcc": 0.15171652122725207,
    "cohen_kappa": 0.15000000000000002,
    "num_classes": 2,
    "num_samples": 200,
    "per_class_report": {
        "0": {
            "precision": 0.5882352941176471,
            "recall": 0.5,
            "f1-score": 0.5405405405405406,
            "support": 100.0
        },
        "1": {
            "precision": 0.5652173913043478,
            "recall": 0.65,
            "f1-score": 0.6046511627906976,
            "support": 100.0
        },
        "accuracy": 0.575,
        "macro avg": {
            "precision": 0.5767263427109974,
            "recall": 0.575,
            "f1-score": 0.5725958516656191,
            "support": 200.0
        },
        "weighted avg": {
            "precision": 0.5767263427109974,
            "recall": 0.575,
            "f1-score": 0.5725958516656191,
            "support": 200.0
        }
    },
    "dataset": "digen30_4426",
    "method": "ours"
}