{
    "accuracy": 0.77,
    "f1": 0.7472527472527473,
    "f1_macro": 0.7681217864704104,
    "f1_weighted": 0.7681217864704104,
    "precision": 0.8292682926829268,
    "recall": 0.68,
    "balanced_accuracy": 0.77,
    "roc_auc": 0.8398,
    "mcc": 0.5489664835695152,
    "cohen_kappa": 0.54,
    "num_classes": 2,
    "num_samples": 200,
    "per_class_report": {
        "0": {
            "precision": 0.7288135593220338,
            "recall": 0.86,
            "f1-score": 0.7889908256880734,
            "support": 100.0
        },
        "1": {
            "precision": 0.8292682926829268,
            "recall": 0.68,
            "f1-score": 0.7472527472527473,
            "support": 100.0
        },
        "accuracy": 0.77,
        "macro avg": {
            "precision": 0.7790409260024803,
            "recall": 0.77,
            "f1-score": 0.7681217864704104,
            "support": 200.0
        },
        "weighted avg": {
            "precision": 0.7790409260024803,
            "recall": 0.77,
            "f1-score": 0.7681217864704104,
            "support": 200.0
        }
    },
    "dataset": "digen15_5311",
    "method": "ours"
}