{
    "accuracy": 0.95,
    "f1": 0.9484536082474226,
    "f1_macro": 0.9499549594635172,
    "f1_weighted": 0.949954959463517,
    "precision": 0.9787234042553191,
    "recall": 0.92,
    "balanced_accuracy": 0.95,
    "roc_auc": 0.9739,
    "mcc": 0.9016243871634686,
    "cohen_kappa": 0.9,
    "num_classes": 2,
    "num_samples": 200,
    "per_class_report": {
        "0": {
            "precision": 0.9245283018867925,
            "recall": 0.98,
            "f1-score": 0.9514563106796117,
            "support": 100.0
        },
        "1": {
            "precision": 0.9787234042553191,
            "recall": 0.92,
            "f1-score": 0.9484536082474226,
            "support": 100.0
        },
        "accuracy": 0.95,
        "macro avg": {
            "precision": 0.9516258530710557,
            "recall": 0.95,
            "f1-score": 0.9499549594635172,
            "support": 200.0
        },
        "weighted avg": {
            "precision": 0.9516258530710558,
            "recall": 0.95,
            "f1-score": 0.949954959463517,
            "support": 200.0
        }
    },
    "dataset": "digen3_769",
    "method": "ours"
}