{
    "accuracy": 0.81,
    "f1": 0.8155339805825242,
    "f1_macro": 0.8098288459613652,
    "f1_weighted": 0.8098288459613653,
    "precision": 0.7924528301886793,
    "recall": 0.84,
    "balanced_accuracy": 0.81,
    "roc_auc": 0.9045,
    "mcc": 0.6211190222681673,
    "cohen_kappa": 0.62,
    "num_classes": 2,
    "num_samples": 200,
    "per_class_report": {
        "0": {
            "precision": 0.8297872340425532,
            "recall": 0.78,
            "f1-score": 0.8041237113402062,
            "support": 100.0
        },
        "1": {
            "precision": 0.7924528301886793,
            "recall": 0.84,
            "f1-score": 0.8155339805825242,
            "support": 100.0
        },
        "accuracy": 0.81,
        "macro avg": {
            "precision": 0.8111200321156162,
            "recall": 0.81,
            "f1-score": 0.8098288459613652,
            "support": 200.0
        },
        "weighted avg": {
            "precision": 0.8111200321156161,
            "recall": 0.81,
            "f1-score": 0.8098288459613653,
            "support": 200.0
        }
    },
    "dataset": "digen10_8322",
    "method": "ours"
}