{
    "accuracy": 0.62,
    "f1": 0.6415094339622641,
    "f1_macro": 0.6186270574066639,
    "f1_weighted": 0.618627057406664,
    "precision": 0.6071428571428571,
    "recall": 0.68,
    "balanced_accuracy": 0.6200000000000001,
    "roc_auc": 0.6676,
    "mcc": 0.24174688920761409,
    "cohen_kappa": 0.24,
    "num_classes": 2,
    "num_samples": 200,
    "per_class_report": {
        "0": {
            "precision": 0.6363636363636364,
            "recall": 0.56,
            "f1-score": 0.5957446808510638,
            "support": 100.0
        },
        "1": {
            "precision": 0.6071428571428571,
            "recall": 0.68,
            "f1-score": 0.6415094339622641,
            "support": 100.0
        },
        "accuracy": 0.62,
        "macro avg": {
            "precision": 0.6217532467532467,
            "recall": 0.6200000000000001,
            "f1-score": 0.6186270574066639,
            "support": 200.0
        },
        "weighted avg": {
            "precision": 0.6217532467532467,
            "recall": 0.62,
            "f1-score": 0.618627057406664,
            "support": 200.0
        }
    },
    "dataset": "digen38_4426",
    "method": "ours"
}