{
    "accuracy": 0.6571428571428571,
    "f1": 0.0,
    "f1_macro": 0.39655172413793105,
    "f1_weighted": 0.5211822660098523,
    "precision": 0.0,
    "recall": 0.0,
    "balanced_accuracy": 0.5,
    "roc_auc": 0.5,
    "mcc": 0.0,
    "cohen_kappa": 0.0,
    "num_classes": 2,
    "num_samples": 140,
    "per_class_report": {
        "0": {
            "precision": 0.6571428571428571,
            "recall": 1.0,
            "f1-score": 0.7931034482758621,
            "support": 92.0
        },
        "1": {
            "precision": 0.0,
            "recall": 0.0,
            "f1-score": 0.0,
            "support": 48.0
        },
        "accuracy": 0.6571428571428571,
        "macro avg": {
            "precision": 0.32857142857142857,
            "recall": 0.5,
            "f1-score": 0.39655172413793105,
            "support": 140.0
        },
        "weighted avg": {
            "precision": 0.43183673469387757,
            "recall": 0.6571428571428571,
            "f1-score": 0.5211822660098523,
            "support": 140.0
        }
    },
    "dataset": "DS01_breast_cancer",
    "method": "ours"
}