{
    "accuracy": 0.7581920903954802,
    "f1": 0.6762886681356122,
    "f1_macro": 0.6762886681356122,
    "f1_weighted": 0.7475132738350309,
    "precision": 0.6875794614159035,
    "recall": 0.6721624796064777,
    "balanced_accuracy": 0.6721624796064777,
    "roc_auc": 0.8696911208480538,
    "mcc": 0.5995560892899885,
    "cohen_kappa": 0.5970468399272348,
    "num_classes": 3,
    "num_samples": 885,
    "per_class_report": {
        "0": {
            "precision": 0.7801418439716312,
            "recall": 0.7746478873239436,
            "f1-score": 0.7773851590106007,
            "support": 284.0
        },
        "1": {
            "precision": 0.4661016949152542,
            "recall": 0.34591194968553457,
            "f1-score": 0.3971119133574007,
            "support": 159.0
        },
        "2": {
            "precision": 0.8164948453608247,
            "recall": 0.8959276018099548,
            "f1-score": 0.8543689320388349,
            "support": 442.0
        },
        "accuracy": 0.7581920903954802,
        "macro avg": {
            "precision": 0.6875794614159035,
            "recall": 0.6721624796064777,
            "f1-score": 0.6762886681356122,
            "support": 885.0
        },
        "weighted avg": {
            "precision": 0.7418770337050319,
            "recall": 0.7581920903954802,
            "f1-score": 0.7475132738350309,
            "support": 885.0
        }
    },
    "dataset": "DS02_student_dropout",
    "method": "ours"
}