{
    "accuracy": 0.5909509673456853,
    "f1": 0.363165544524486,
    "f1_macro": 0.363165544524486,
    "f1_weighted": 0.5005611695809207,
    "precision": 0.6169070217915752,
    "recall": 0.4136929736227593,
    "balanced_accuracy": 0.4136929736227593,
    "roc_auc": 0.7835874692451272,
    "mcc": 0.3350403970401187,
    "cohen_kappa": 0.28694562526489353,
    "num_classes": 4,
    "num_samples": 9769,
    "per_class_report": {
        "0": {
            "precision": 0.6102309344790547,
            "recall": 0.9191102123356926,
            "f1-score": 0.7334785766158315,
            "support": 4945.0
        },
        "1": {
            "precision": 0.8677685950413223,
            "recall": 0.08443908323281062,
            "f1-score": 0.15390252839868085,
            "support": 2487.0
        },
        "2": {
            "precision": 0.4896285576459238,
            "recall": 0.6473214285714286,
            "f1-score": 0.5575391375995605,
            "support": 1568.0
        },
        "3": {
            "precision": 0.5,
            "recall": 0.0039011703511053317,
            "f1-score": 0.007741935483870968,
            "support": 769.0
        },
        "accuracy": 0.5909509673456853,
        "macro avg": {
            "precision": 0.6169070217915752,
            "recall": 0.4136929736227593,
            "f1-score": 0.363165544524486,
            "support": 9769.0
        },
        "weighted avg": {
            "precision": 0.6477602666859967,
            "recall": 0.5909509673456853,
            "f1-score": 0.5005611695809207,
            "support": 9769.0
        }
    },
    "dataset": "DS03_adult",
    "method": "ours"
}