{
    "accuracy": 0.842391304347826,
    "f1": 0.8651162790697674,
    "f1_macro": 0.8377868977048184,
    "f1_weighted": 0.840757482635791,
    "precision": 0.8230088495575221,
    "recall": 0.9117647058823529,
    "balanced_accuracy": 0.8339311334289814,
    "roc_auc": 0.9111669057867049,
    "mcc": 0.6819075880955596,
    "cohen_kappa": 0.6767627816816089,
    "num_classes": 2,
    "num_samples": 184,
    "per_class_report": {
        "0": {
            "precision": 0.8732394366197183,
            "recall": 0.7560975609756098,
            "f1-score": 0.8104575163398693,
            "support": 82.0
        },
        "1": {
            "precision": 0.8230088495575221,
            "recall": 0.9117647058823529,
            "f1-score": 0.8651162790697674,
            "support": 102.0
        },
        "accuracy": 0.842391304347826,
        "macro avg": {
            "precision": 0.8481241430886202,
            "recall": 0.8339311334289814,
            "f1-score": 0.8377868977048184,
            "support": 184.0
        },
        "weighted avg": {
            "precision": 0.8453942198787182,
            "recall": 0.842391304347826,
            "f1-score": 0.840757482635791,
            "support": 184.0
        }
    },
    "dataset": "DS04_heart",
    "method": "ours"
}