{
    "accuracy": 0.6078602620087337,
    "f1": 0.6034423351778792,
    "f1_macro": 0.6034423351778792,
    "f1_weighted": 0.6034423351778792,
    "precision": 0.6058351218193779,
    "recall": 0.6078602620087337,
    "balanced_accuracy": 0.6078602620087337,
    "roc_auc": 0.7828960164756585,
    "mcc": 0.4141571108951936,
    "cohen_kappa": 0.4117903930131004,
    "num_classes": 3,
    "num_samples": 3435,
    "per_class_report": {
        "0": {
            "precision": 0.6308579668348955,
            "recall": 0.7641921397379913,
            "f1-score": 0.6911532385466035,
            "support": 1145.0
        },
        "1": {
            "precision": 0.5578747628083491,
            "recall": 0.5135371179039301,
            "f1-score": 0.5347885402455662,
            "support": 1145.0
        },
        "2": {
            "precision": 0.6287726358148893,
            "recall": 0.5458515283842795,
            "f1-score": 0.584385226741468,
            "support": 1145.0
        },
        "accuracy": 0.6078602620087337,
        "macro avg": {
            "precision": 0.6058351218193779,
            "recall": 0.6078602620087337,
            "f1-score": 0.6034423351778792,
            "support": 3435.0
        },
        "weighted avg": {
            "precision": 0.6058351218193779,
            "recall": 0.6078602620087337,
            "f1-score": 0.6034423351778792,
            "support": 3435.0
        }
    },
    "dataset": "DS06_dengue_chikungunya",
    "method": "ours"
}