{
    "accuracy": 0.9851351351351352,
    "f1": 0.9853917662682603,
    "f1_macro": 0.9851305461327546,
    "f1_weighted": 0.9851330171340364,
    "precision": 0.9776021080368906,
    "recall": 0.9933065595716198,
    "balanced_accuracy": 0.9850570997039545,
    "roc_auc": 0.9987453223535342,
    "mcc": 0.9703907079362041,
    "cohen_kappa": 0.9702630478184073,
    "num_classes": 2,
    "num_samples": 1480,
    "per_class_report": {
        "0": {
            "precision": 0.9930651872399445,
            "recall": 0.9768076398362893,
            "f1-score": 0.984869325997249,
            "support": 733.0
        },
        "1": {
            "precision": 0.9776021080368906,
            "recall": 0.9933065595716198,
            "f1-score": 0.9853917662682603,
            "support": 747.0
        },
        "accuracy": 0.9851351351351352,
        "macro avg": {
            "precision": 0.9853336476384176,
            "recall": 0.9850570997039545,
            "f1-score": 0.9851305461327546,
            "support": 1480.0
        },
        "weighted avg": {
            "precision": 0.9852605114529978,
            "recall": 0.9851351351351352,
            "f1-score": 0.9851330171340364,
            "support": 1480.0
        }
    },
    "dataset": "DS07_ringnorm",
    "method": "ours"
}